[26-Aug-2023 09:32:59 UTC] PHP Fatal error:  Uncaught Error: Call to undefined function sendMail() in /homepages/9/d325137455/htdocs/bourseauxvelos/test.php:21
Stack trace:
#0 {main}
  thrown in /homepages/9/d325137455/htdocs/bourseauxvelos/test.php on line 21
[26-Aug-2023 09:33:48 UTC] Mail envoyé  [test ] à marc.garces@free.fr
[26-Aug-2023 09:33:51 UTC] Mail envoyé  [test ] à marc.garces@education.gouv.fr
[26-Aug-2023 09:35:22 UTC] Mail envoyé  [test ] à marc.garces@free.fr
[26-Aug-2023 09:35:26 UTC] Mail envoyé  [test ] à marc.garces@education.gouv.fr
[26-Aug-2023 09:36:34 UTC] Mail envoyé  [test ] à marc.garces@free.fr
[26-Aug-2023 09:36:34 UTC] Mail envoyé  [test ] à braillou@gmail.com
[26-Aug-2023 09:36:58 UTC] Mail envoyé  [test ] à marc.garces@free.fr
[26-Aug-2023 09:41:18 UTC] Mail envoyé  [test ] à marc.garces@free.fr
[26-Aug-2023 09:42:22 UTC] Mail envoyé  [test ] à marc.garces@free.fr
[26-Aug-2023 09:43:14 UTC] Mail envoyé  [test ] à marc.garces@free.fr
[26-Aug-2023 09:43:26 UTC] Mail envoyé  [test ] à marc.garces@free.fr
[27-Aug-2023 20:39:51 UTC] PHP Notice:  session_start(): ps_files_cleanup_dir: opendir(/tmp/.priv) failed: Permission denied (13) in /homepages/9/d325137455/htdocs/bourseauxvelos/Commun/connect.php on line 4
[27-Aug-2023 20:39:51 UTC] PHP Warning:  session_start(): Session cache limiter cannot be sent after headers have already been sent (output started at /homepages/9/d325137455/htdocs/bourseauxvelos/Commun/connect.php:4) in /homepages/9/d325137455/htdocs/bourseauxvelos/Commun/connect.php on line 4
[28-Aug-2023 16:41:33 UTC] PHP Notice:  session_start(): ps_files_cleanup_dir: opendir(/tmp/.priv) failed: Permission denied (13) in /homepages/9/d325137455/htdocs/bourseauxvelos/Commun/connect.php on line 4
[28-Aug-2023 16:41:33 UTC] PHP Warning:  session_start(): Session cache limiter cannot be sent after headers have already been sent (output started at /homepages/9/d325137455/htdocs/bourseauxvelos/Commun/connect.php:4) in /homepages/9/d325137455/htdocs/bourseauxvelos/Commun/connect.php on line 4
[28-Aug-2023 20:12:04 UTC] PHP Notice:  session_start(): ps_files_cleanup_dir: opendir(/tmp/.priv) failed: Permission denied (13) in /homepages/9/d325137455/htdocs/bourseauxvelos/Commun/connect.php on line 4
[28-Aug-2023 20:12:04 UTC] PHP Warning:  session_start(): Session cache limiter cannot be sent after headers have already been sent (output started at /homepages/9/d325137455/htdocs/bourseauxvelos/Commun/connect.php:4) in /homepages/9/d325137455/htdocs/bourseauxvelos/Commun/connect.php on line 4
[29-Aug-2023 06:53:39 UTC] PHP Notice:  session_start(): ps_files_cleanup_dir: opendir(/tmp/.priv) failed: Permission denied (13) in /homepages/9/d325137455/htdocs/bourseauxvelos/Commun/connect.php on line 4
[29-Aug-2023 06:53:39 UTC] PHP Warning:  session_start(): Session cache limiter cannot be sent after headers have already been sent (output started at /homepages/9/d325137455/htdocs/bourseauxvelos/Commun/connect.php:4) in /homepages/9/d325137455/htdocs/bourseauxvelos/Commun/connect.php on line 4
[30-Aug-2023 03:20:26 UTC] PHP Notice:  session_start(): ps_files_cleanup_dir: opendir(/tmp/.priv) failed: Permission denied (13) in /homepages/9/d325137455/htdocs/bourseauxvelos/Commun/connect.php on line 4
[30-Aug-2023 03:20:26 UTC] PHP Warning:  session_start(): Session cache limiter cannot be sent after headers have already been sent (output started at /homepages/9/d325137455/htdocs/bourseauxvelos/Commun/connect.php:4) in /homepages/9/d325137455/htdocs/bourseauxvelos/Commun/connect.php on line 4
[31-Aug-2023 07:19:53 UTC] PHP Notice:  session_start(): ps_files_cleanup_dir: opendir(/tmp/.priv) failed: Permission denied (13) in /homepages/9/d325137455/htdocs/bourseauxvelos/Commun/connect.php on line 4
[31-Aug-2023 07:19:53 UTC] PHP Warning:  session_start(): Session cache limiter cannot be sent after headers have already been sent (output started at /homepages/9/d325137455/htdocs/bourseauxvelos/Commun/connect.php:4) in /homepages/9/d325137455/htdocs/bourseauxvelos/Commun/connect.php on line 4
[04-Sep-2023 07:53:41 UTC] PHP Notice:  session_start(): ps_files_cleanup_dir: opendir(/tmp/.priv) failed: Permission denied (13) in /homepages/9/d325137455/htdocs/bourseauxvelos/Commun/connect.php on line 4
[04-Sep-2023 07:53:41 UTC] PHP Warning:  session_start(): Session cache limiter cannot be sent after headers have already been sent (output started at /homepages/9/d325137455/htdocs/bourseauxvelos/Commun/connect.php:4) in /homepages/9/d325137455/htdocs/bourseauxvelos/Commun/connect.php on line 4
[05-Sep-2023 15:02:26 UTC] PHP Notice:  session_start(): ps_files_cleanup_dir: opendir(/tmp/.priv) failed: Permission denied (13) in /homepages/9/d325137455/htdocs/bourseauxvelos/Commun/connect.php on line 4
[05-Sep-2023 15:02:26 UTC] PHP Warning:  session_start(): Session cache limiter cannot be sent after headers have already been sent (output started at /homepages/9/d325137455/htdocs/bourseauxvelos/Commun/connect.php:4) in /homepages/9/d325137455/htdocs/bourseauxvelos/Commun/connect.php on line 4
[05-Sep-2023 15:24:13 UTC] PHP Notice:  session_start(): ps_files_cleanup_dir: opendir(/tmp/.priv) failed: Permission denied (13) in /homepages/9/d325137455/htdocs/bourseauxvelos/Commun/connect.php on line 4
[05-Sep-2023 15:24:13 UTC] PHP Warning:  session_start(): Session cache limiter cannot be sent after headers have already been sent (output started at /homepages/9/d325137455/htdocs/bourseauxvelos/Commun/connect.php:4) in /homepages/9/d325137455/htdocs/bourseauxvelos/Commun/connect.php on line 4
[06-Sep-2023 05:45:39 UTC] PHP Notice:  session_start(): ps_files_cleanup_dir: opendir(/tmp/.priv) failed: Permission denied (13) in /homepages/9/d325137455/htdocs/bourseauxvelos/Commun/connect.php on line 4
[06-Sep-2023 05:45:39 UTC] PHP Warning:  session_start(): Session cache limiter cannot be sent after headers have already been sent (output started at /homepages/9/d325137455/htdocs/bourseauxvelos/Commun/connect.php:4) in /homepages/9/d325137455/htdocs/bourseauxvelos/Commun/connect.php on line 4
[06-Sep-2023 18:27:47 UTC] PHP Notice:  session_start(): ps_files_cleanup_dir: opendir(/tmp/.priv) failed: Permission denied (13) in /homepages/9/d325137455/htdocs/bourseauxvelos/Commun/connect.php on line 4
[06-Sep-2023 18:27:47 UTC] PHP Warning:  session_start(): Session cache limiter cannot be sent after headers have already been sent (output started at /homepages/9/d325137455/htdocs/bourseauxvelos/Commun/connect.php:4) in /homepages/9/d325137455/htdocs/bourseauxvelos/Commun/connect.php on line 4
[07-Sep-2023 15:06:10 UTC] PHP Notice:  session_start(): ps_files_cleanup_dir: opendir(/tmp/.priv) failed: Permission denied (13) in /homepages/9/d325137455/htdocs/bourseauxvelos/Commun/connect.php on line 4
[07-Sep-2023 15:06:10 UTC] PHP Warning:  session_start(): Session cache limiter cannot be sent after headers have already been sent (output started at /homepages/9/d325137455/htdocs/bourseauxvelos/Commun/connect.php:4) in /homepages/9/d325137455/htdocs/bourseauxvelos/Commun/connect.php on line 4
[08-Sep-2023 01:05:50 UTC] PHP Notice:  session_start(): ps_files_cleanup_dir: opendir(/tmp/.priv) failed: Permission denied (13) in /homepages/9/d325137455/htdocs/bourseauxvelos/Commun/connect.php on line 4
[08-Sep-2023 01:05:50 UTC] PHP Warning:  session_start(): Session cache limiter cannot be sent after headers have already been sent (output started at /homepages/9/d325137455/htdocs/bourseauxvelos/Commun/connect.php:4) in /homepages/9/d325137455/htdocs/bourseauxvelos/Commun/connect.php on line 4
[09-Sep-2023 18:38:03 UTC] PHP Notice:  session_start(): ps_files_cleanup_dir: opendir(/tmp/.priv) failed: Permission denied (13) in /homepages/9/d325137455/htdocs/bourseauxvelos/Commun/connect.php on line 4
[09-Sep-2023 18:38:03 UTC] PHP Warning:  session_start(): Session cache limiter cannot be sent after headers have already been sent (output started at /homepages/9/d325137455/htdocs/bourseauxvelos/Commun/connect.php:4) in /homepages/9/d325137455/htdocs/bourseauxvelos/Commun/connect.php on line 4
[11-Sep-2023 07:08:07 UTC] PHP Notice:  session_start(): ps_files_cleanup_dir: opendir(/tmp/.priv) failed: Permission denied (13) in /homepages/9/d325137455/htdocs/bourseauxvelos/Commun/connect.php on line 4
[11-Sep-2023 07:08:07 UTC] PHP Warning:  session_start(): Session cache limiter cannot be sent after headers have already been sent (output started at /homepages/9/d325137455/htdocs/bourseauxvelos/Commun/connect.php:4) in /homepages/9/d325137455/htdocs/bourseauxvelos/Commun/connect.php on line 4
[11-Sep-2023 08:51:25 UTC] PHP Notice:  session_start(): ps_files_cleanup_dir: opendir(/tmp/.priv) failed: Permission denied (13) in /homepages/9/d325137455/htdocs/bourseauxvelos/Commun/connect.php on line 4
[11-Sep-2023 08:51:25 UTC] PHP Warning:  session_start(): Session cache limiter cannot be sent after headers have already been sent (output started at /homepages/9/d325137455/htdocs/bourseauxvelos/Commun/connect.php:4) in /homepages/9/d325137455/htdocs/bourseauxvelos/Commun/connect.php on line 4
[12-Sep-2023 11:51:39 UTC] PHP Notice:  session_start(): ps_files_cleanup_dir: opendir(/tmp/.priv) failed: Permission denied (13) in /homepages/9/d325137455/htdocs/bourseauxvelos/Commun/connect.php on line 4
[12-Sep-2023 11:51:39 UTC] PHP Warning:  session_start(): Session cache limiter cannot be sent after headers have already been sent (output started at /homepages/9/d325137455/htdocs/bourseauxvelos/Commun/connect.php:4) in /homepages/9/d325137455/htdocs/bourseauxvelos/Commun/connect.php on line 4
[13-Sep-2023 06:53:40 UTC] PHP Notice:  session_start(): ps_files_cleanup_dir: opendir(/tmp/.priv) failed: Permission denied (13) in /homepages/9/d325137455/htdocs/bourseauxvelos/Commun/connect.php on line 4
[13-Sep-2023 06:53:40 UTC] PHP Warning:  session_start(): Session cache limiter cannot be sent after headers have already been sent (output started at /homepages/9/d325137455/htdocs/bourseauxvelos/Commun/connect.php:4) in /homepages/9/d325137455/htdocs/bourseauxvelos/Commun/connect.php on line 4
[13-Sep-2023 08:56:00 UTC] PHP Notice:  session_start(): ps_files_cleanup_dir: opendir(/tmp/.priv) failed: Permission denied (13) in /homepages/9/d325137455/htdocs/bourseauxvelos/Commun/connect.php on line 4
[13-Sep-2023 08:56:00 UTC] PHP Warning:  session_start(): Session cache limiter cannot be sent after headers have already been sent (output started at /homepages/9/d325137455/htdocs/bourseauxvelos/Commun/connect.php:4) in /homepages/9/d325137455/htdocs/bourseauxvelos/Commun/connect.php on line 4
[13-Sep-2023 14:43:27 UTC] PHP Notice:  session_start(): ps_files_cleanup_dir: opendir(/tmp/.priv) failed: Permission denied (13) in /homepages/9/d325137455/htdocs/bourseauxvelos/Commun/connect.php on line 4
[13-Sep-2023 14:43:27 UTC] PHP Warning:  session_start(): Session cache limiter cannot be sent after headers have already been sent (output started at /homepages/9/d325137455/htdocs/bourseauxvelos/Commun/connect.php:4) in /homepages/9/d325137455/htdocs/bourseauxvelos/Commun/connect.php on line 4
[14-Sep-2023 19:38:34 UTC] PHP Notice:  session_start(): ps_files_cleanup_dir: opendir(/tmp/.priv) failed: Permission denied (13) in /homepages/9/d325137455/htdocs/bourseauxvelos/Commun/connect.php on line 4
[14-Sep-2023 19:38:34 UTC] PHP Warning:  session_start(): Session cache limiter cannot be sent after headers have already been sent (output started at /homepages/9/d325137455/htdocs/bourseauxvelos/Commun/connect.php:4) in /homepages/9/d325137455/htdocs/bourseauxvelos/Commun/connect.php on line 4
[16-Sep-2023 12:37:59 UTC] PHP Notice:  session_start(): ps_files_cleanup_dir: opendir(/tmp/.priv) failed: Permission denied (13) in /homepages/9/d325137455/htdocs/bourseauxvelos/Commun/connect.php on line 4
[16-Sep-2023 12:37:59 UTC] PHP Warning:  session_start(): Session cache limiter cannot be sent after headers have already been sent (output started at /homepages/9/d325137455/htdocs/bourseauxvelos/Commun/connect.php:4) in /homepages/9/d325137455/htdocs/bourseauxvelos/Commun/connect.php on line 4
[16-Sep-2023 22:25:28 UTC] PHP Warning:  Undefined array key "HTTP_USER_AGENT" in /homepages/9/d325137455/htdocs/bourseauxvelos/Commun/commun_functions.php on line 323
[17-Sep-2023 16:22:33 UTC] PHP Notice:  session_start(): ps_files_cleanup_dir: opendir(/tmp/.priv) failed: Permission denied (13) in /homepages/9/d325137455/htdocs/bourseauxvelos/Commun/connect.php on line 4
[17-Sep-2023 16:22:33 UTC] PHP Warning:  session_start(): Session cache limiter cannot be sent after headers have already been sent (output started at /homepages/9/d325137455/htdocs/bourseauxvelos/Commun/connect.php:4) in /homepages/9/d325137455/htdocs/bourseauxvelos/Commun/connect.php on line 4
[17-Sep-2023 17:38:53 UTC] PHP Notice:  session_start(): ps_files_cleanup_dir: opendir(/tmp/.priv) failed: Permission denied (13) in /homepages/9/d325137455/htdocs/bourseauxvelos/Commun/connect.php on line 4
[17-Sep-2023 17:38:53 UTC] PHP Warning:  session_start(): Session cache limiter cannot be sent after headers have already been sent (output started at /homepages/9/d325137455/htdocs/bourseauxvelos/Commun/connect.php:4) in /homepages/9/d325137455/htdocs/bourseauxvelos/Commun/connect.php on line 4
[19-Sep-2023 04:20:03 UTC] PHP Notice:  session_start(): ps_files_cleanup_dir: opendir(/tmp/.priv) failed: Permission denied (13) in /homepages/9/d325137455/htdocs/bourseauxvelos/Commun/connect.php on line 4
[19-Sep-2023 04:20:03 UTC] PHP Warning:  session_start(): Session cache limiter cannot be sent after headers have already been sent (output started at /homepages/9/d325137455/htdocs/bourseauxvelos/Commun/connect.php:4) in /homepages/9/d325137455/htdocs/bourseauxvelos/Commun/connect.php on line 4
[19-Sep-2023 06:38:25 UTC] PHP Notice:  session_start(): ps_files_cleanup_dir: opendir(/tmp/.priv) failed: Permission denied (13) in /homepages/9/d325137455/htdocs/bourseauxvelos/Commun/connect.php on line 4
[19-Sep-2023 06:38:25 UTC] PHP Warning:  session_start(): Session cache limiter cannot be sent after headers have already been sent (output started at /homepages/9/d325137455/htdocs/bourseauxvelos/Commun/connect.php:4) in /homepages/9/d325137455/htdocs/bourseauxvelos/Commun/connect.php on line 4
[20-Sep-2023 13:30:16 UTC] PHP Notice:  session_start(): ps_files_cleanup_dir: opendir(/tmp/.priv) failed: Permission denied (13) in /homepages/9/d325137455/htdocs/bourseauxvelos/Commun/connect.php on line 4
[20-Sep-2023 13:30:16 UTC] PHP Warning:  session_start(): Session cache limiter cannot be sent after headers have already been sent (output started at /homepages/9/d325137455/htdocs/bourseauxvelos/Commun/connect.php:4) in /homepages/9/d325137455/htdocs/bourseauxvelos/Commun/connect.php on line 4
[25-Sep-2023 11:47:40 UTC] PHP Notice:  session_start(): ps_files_cleanup_dir: opendir(/tmp/.priv) failed: Permission denied (13) in /homepages/9/d325137455/htdocs/bourseauxvelos/Commun/connect.php on line 4
[25-Sep-2023 11:47:40 UTC] PHP Warning:  session_start(): Session cache limiter cannot be sent after headers have already been sent (output started at /homepages/9/d325137455/htdocs/bourseauxvelos/Commun/connect.php:4) in /homepages/9/d325137455/htdocs/bourseauxvelos/Commun/connect.php on line 4
[27-Sep-2023 01:36:41 UTC] PHP Notice:  session_start(): ps_files_cleanup_dir: opendir(/tmp/.priv) failed: Permission denied (13) in /homepages/9/d325137455/htdocs/bourseauxvelos/Commun/connect.php on line 4
[27-Sep-2023 01:36:42 UTC] PHP Warning:  session_start(): Session cache limiter cannot be sent after headers have already been sent (output started at /homepages/9/d325137455/htdocs/bourseauxvelos/Commun/connect.php:4) in /homepages/9/d325137455/htdocs/bourseauxvelos/Commun/connect.php on line 4
[27-Sep-2023 06:53:00 UTC] PHP Notice:  session_start(): ps_files_cleanup_dir: opendir(/tmp/.priv) failed: Permission denied (13) in /homepages/9/d325137455/htdocs/bourseauxvelos/Commun/connect.php on line 4
[27-Sep-2023 06:53:00 UTC] PHP Warning:  session_start(): Session cache limiter cannot be sent after headers have already been sent (output started at /homepages/9/d325137455/htdocs/bourseauxvelos/Commun/connect.php:4) in /homepages/9/d325137455/htdocs/bourseauxvelos/Commun/connect.php on line 4
[27-Sep-2023 09:56:45 UTC] PHP Notice:  session_start(): ps_files_cleanup_dir: opendir(/tmp/.priv) failed: Permission denied (13) in /homepages/9/d325137455/htdocs/bourseauxvelos/Commun/connect.php on line 4
[27-Sep-2023 09:56:45 UTC] PHP Warning:  session_start(): Session cache limiter cannot be sent after headers have already been sent (output started at /homepages/9/d325137455/htdocs/bourseauxvelos/Commun/connect.php:4) in /homepages/9/d325137455/htdocs/bourseauxvelos/Commun/connect.php on line 4
[27-Sep-2023 10:32:45 UTC] PHP Notice:  session_start(): ps_files_cleanup_dir: opendir(/tmp/.priv) failed: Permission denied (13) in /homepages/9/d325137455/htdocs/bourseauxvelos/Commun/connect.php on line 4
[27-Sep-2023 10:32:45 UTC] PHP Warning:  session_start(): Session cache limiter cannot be sent after headers have already been sent (output started at /homepages/9/d325137455/htdocs/bourseauxvelos/Commun/connect.php:4) in /homepages/9/d325137455/htdocs/bourseauxvelos/Commun/connect.php on line 4
[28-Sep-2023 04:08:43 UTC] PHP Notice:  session_start(): ps_files_cleanup_dir: opendir(/tmp/.priv) failed: Permission denied (13) in /homepages/9/d325137455/htdocs/bourseauxvelos/Commun/connect.php on line 4
[28-Sep-2023 04:08:43 UTC] PHP Warning:  session_start(): Session cache limiter cannot be sent after headers have already been sent (output started at /homepages/9/d325137455/htdocs/bourseauxvelos/Commun/connect.php:4) in /homepages/9/d325137455/htdocs/bourseauxvelos/Commun/connect.php on line 4
[28-Sep-2023 04:50:12 UTC] PHP Notice:  session_start(): ps_files_cleanup_dir: opendir(/tmp/.priv) failed: Permission denied (13) in /homepages/9/d325137455/htdocs/bourseauxvelos/Commun/connect.php on line 4
[28-Sep-2023 04:50:12 UTC] PHP Warning:  session_start(): Session cache limiter cannot be sent after headers have already been sent (output started at /homepages/9/d325137455/htdocs/bourseauxvelos/Commun/connect.php:4) in /homepages/9/d325137455/htdocs/bourseauxvelos/Commun/connect.php on line 4
[28-Sep-2023 11:35:21 UTC] PHP Notice:  session_start(): ps_files_cleanup_dir: opendir(/tmp/.priv) failed: Permission denied (13) in /homepages/9/d325137455/htdocs/bourseauxvelos/Commun/connect.php on line 4
[28-Sep-2023 11:35:21 UTC] PHP Warning:  session_start(): Session cache limiter cannot be sent after headers have already been sent (output started at /homepages/9/d325137455/htdocs/bourseauxvelos/Commun/connect.php:4) in /homepages/9/d325137455/htdocs/bourseauxvelos/Commun/connect.php on line 4
[29-Sep-2023 09:55:26 UTC] PHP Notice:  session_start(): ps_files_cleanup_dir: opendir(/tmp/.priv) failed: Permission denied (13) in /homepages/9/d325137455/htdocs/bourseauxvelos/Commun/connect.php on line 4
[29-Sep-2023 09:55:27 UTC] PHP Warning:  session_start(): Session cache limiter cannot be sent after headers have already been sent (output started at /homepages/9/d325137455/htdocs/bourseauxvelos/Commun/connect.php:4) in /homepages/9/d325137455/htdocs/bourseauxvelos/Commun/connect.php on line 4
[29-Sep-2023 20:56:00 UTC] PHP Notice:  session_start(): ps_files_cleanup_dir: opendir(/tmp/.priv) failed: Permission denied (13) in /homepages/9/d325137455/htdocs/bourseauxvelos/Commun/connect.php on line 4
[29-Sep-2023 20:56:00 UTC] PHP Warning:  session_start(): Session cache limiter cannot be sent after headers have already been sent (output started at /homepages/9/d325137455/htdocs/bourseauxvelos/Commun/connect.php:4) in /homepages/9/d325137455/htdocs/bourseauxvelos/Commun/connect.php on line 4
[01-Oct-2023 00:46:03 UTC] PHP Notice:  session_start(): ps_files_cleanup_dir: opendir(/tmp/.priv) failed: Permission denied (13) in /homepages/9/d325137455/htdocs/bourseauxvelos/Commun/connect.php on line 4
[01-Oct-2023 00:46:03 UTC] PHP Warning:  session_start(): Session cache limiter cannot be sent after headers have already been sent (output started at /homepages/9/d325137455/htdocs/bourseauxvelos/Commun/connect.php:4) in /homepages/9/d325137455/htdocs/bourseauxvelos/Commun/connect.php on line 4
[02-Oct-2023 04:33:10 UTC] PHP Notice:  session_start(): ps_files_cleanup_dir: opendir(/tmp/.priv) failed: Permission denied (13) in /homepages/9/d325137455/htdocs/bourseauxvelos/Commun/connect.php on line 4
[02-Oct-2023 04:33:10 UTC] PHP Warning:  session_start(): Session cache limiter cannot be sent after headers have already been sent (output started at /homepages/9/d325137455/htdocs/bourseauxvelos/Commun/connect.php:4) in /homepages/9/d325137455/htdocs/bourseauxvelos/Commun/connect.php on line 4
[02-Oct-2023 12:23:48 UTC] PHP Notice:  session_start(): ps_files_cleanup_dir: opendir(/tmp/.priv) failed: Permission denied (13) in /homepages/9/d325137455/htdocs/bourseauxvelos/Commun/connect.php on line 4
[02-Oct-2023 12:23:48 UTC] PHP Warning:  session_start(): Session cache limiter cannot be sent after headers have already been sent (output started at /homepages/9/d325137455/htdocs/bourseauxvelos/Commun/connect.php:4) in /homepages/9/d325137455/htdocs/bourseauxvelos/Commun/connect.php on line 4
[03-Oct-2023 15:26:37 UTC] PHP Notice:  session_start(): ps_files_cleanup_dir: opendir(/tmp/.priv) failed: Permission denied (13) in /homepages/9/d325137455/htdocs/bourseauxvelos/Commun/connect.php on line 4
[03-Oct-2023 15:26:37 UTC] PHP Warning:  session_start(): Session cache limiter cannot be sent after headers have already been sent (output started at /homepages/9/d325137455/htdocs/bourseauxvelos/Commun/connect.php:4) in /homepages/9/d325137455/htdocs/bourseauxvelos/Commun/connect.php on line 4
[04-Oct-2023 10:12:43 UTC] PHP Notice:  session_start(): ps_files_cleanup_dir: opendir(/tmp/.priv) failed: Permission denied (13) in /homepages/9/d325137455/htdocs/bourseauxvelos/Commun/connect.php on line 4
[04-Oct-2023 10:12:43 UTC] PHP Warning:  session_start(): Session cache limiter cannot be sent after headers have already been sent (output started at /homepages/9/d325137455/htdocs/bourseauxvelos/Commun/connect.php:4) in /homepages/9/d325137455/htdocs/bourseauxvelos/Commun/connect.php on line 4
[08-Oct-2023 15:18:55 UTC] PHP Notice:  session_start(): ps_files_cleanup_dir: opendir(/tmp/.priv) failed: Permission denied (13) in /homepages/9/d325137455/htdocs/bourseauxvelos/Commun/connect.php on line 4
[08-Oct-2023 15:18:55 UTC] PHP Warning:  session_start(): Session cache limiter cannot be sent after headers have already been sent (output started at /homepages/9/d325137455/htdocs/bourseauxvelos/Commun/connect.php:4) in /homepages/9/d325137455/htdocs/bourseauxvelos/Commun/connect.php on line 4
[11-Oct-2023 08:30:37 UTC] PHP Notice:  session_start(): ps_files_cleanup_dir: opendir(/tmp/.priv) failed: Permission denied (13) in /homepages/9/d325137455/htdocs/bourseauxvelos/Commun/connect.php on line 4
[11-Oct-2023 08:30:37 UTC] PHP Warning:  session_start(): Session cache limiter cannot be sent after headers have already been sent (output started at /homepages/9/d325137455/htdocs/bourseauxvelos/Commun/connect.php:4) in /homepages/9/d325137455/htdocs/bourseauxvelos/Commun/connect.php on line 4
[11-Oct-2023 20:27:34 UTC] PHP Notice:  session_start(): ps_files_cleanup_dir: opendir(/tmp/.priv) failed: Permission denied (13) in /homepages/9/d325137455/htdocs/bourseauxvelos/Commun/connect.php on line 4
[11-Oct-2023 20:27:34 UTC] PHP Warning:  session_start(): Session cache limiter cannot be sent after headers have already been sent (output started at /homepages/9/d325137455/htdocs/bourseauxvelos/Commun/connect.php:4) in /homepages/9/d325137455/htdocs/bourseauxvelos/Commun/connect.php on line 4
[13-Oct-2023 06:16:29 UTC] PHP Notice:  session_start(): ps_files_cleanup_dir: opendir(/tmp/.priv) failed: Permission denied (13) in /homepages/9/d325137455/htdocs/bourseauxvelos/Commun/connect.php on line 4
[13-Oct-2023 06:16:29 UTC] PHP Warning:  session_start(): Session cache limiter cannot be sent after headers have already been sent (output started at /homepages/9/d325137455/htdocs/bourseauxvelos/Commun/connect.php:4) in /homepages/9/d325137455/htdocs/bourseauxvelos/Commun/connect.php on line 4
[13-Oct-2023 14:01:33 UTC] PHP Notice:  session_start(): ps_files_cleanup_dir: opendir(/tmp/.priv) failed: Permission denied (13) in /homepages/9/d325137455/htdocs/bourseauxvelos/Commun/connect.php on line 4
[13-Oct-2023 14:01:33 UTC] PHP Warning:  session_start(): Session cache limiter cannot be sent after headers have already been sent (output started at /homepages/9/d325137455/htdocs/bourseauxvelos/Commun/connect.php:4) in /homepages/9/d325137455/htdocs/bourseauxvelos/Commun/connect.php on line 4
[13-Oct-2023 16:13:58 UTC] PHP Notice:  session_start(): ps_files_cleanup_dir: opendir(/tmp/.priv) failed: Permission denied (13) in /homepages/9/d325137455/htdocs/bourseauxvelos/Commun/connect.php on line 4
[13-Oct-2023 16:13:58 UTC] PHP Warning:  session_start(): Session cache limiter cannot be sent after headers have already been sent (output started at /homepages/9/d325137455/htdocs/bourseauxvelos/Commun/connect.php:4) in /homepages/9/d325137455/htdocs/bourseauxvelos/Commun/connect.php on line 4
[14-Oct-2023 18:04:30 UTC] PHP Notice:  session_start(): ps_files_cleanup_dir: opendir(/tmp/.priv) failed: Permission denied (13) in /homepages/9/d325137455/htdocs/bourseauxvelos/Commun/connect.php on line 4
[14-Oct-2023 18:04:30 UTC] PHP Warning:  session_start(): Session cache limiter cannot be sent after headers have already been sent (output started at /homepages/9/d325137455/htdocs/bourseauxvelos/Commun/connect.php:4) in /homepages/9/d325137455/htdocs/bourseauxvelos/Commun/connect.php on line 4
[14-Oct-2023 18:04:39 UTC] PHP Notice:  session_start(): ps_files_cleanup_dir: opendir(/tmp/.priv) failed: Permission denied (13) in /homepages/9/d325137455/htdocs/bourseauxvelos/Commun/connect.php on line 4
[14-Oct-2023 18:04:39 UTC] PHP Warning:  session_start(): Session cache limiter cannot be sent after headers have already been sent (output started at /homepages/9/d325137455/htdocs/bourseauxvelos/Commun/connect.php:4) in /homepages/9/d325137455/htdocs/bourseauxvelos/Commun/connect.php on line 4
[15-Oct-2023 21:16:08 UTC] PHP Notice:  session_start(): ps_files_cleanup_dir: opendir(/tmp/.priv) failed: Permission denied (13) in /homepages/9/d325137455/htdocs/bourseauxvelos/Commun/connect.php on line 4
[15-Oct-2023 21:16:08 UTC] PHP Warning:  session_start(): Session cache limiter cannot be sent after headers have already been sent (output started at /homepages/9/d325137455/htdocs/bourseauxvelos/Commun/connect.php:4) in /homepages/9/d325137455/htdocs/bourseauxvelos/Commun/connect.php on line 4
[16-Oct-2023 23:13:58 UTC] PHP Notice:  session_start(): ps_files_cleanup_dir: opendir(/tmp/.priv) failed: Permission denied (13) in /homepages/9/d325137455/htdocs/bourseauxvelos/Commun/connect.php on line 4
[16-Oct-2023 23:13:58 UTC] PHP Warning:  session_start(): Session cache limiter cannot be sent after headers have already been sent (output started at /homepages/9/d325137455/htdocs/bourseauxvelos/Commun/connect.php:4) in /homepages/9/d325137455/htdocs/bourseauxvelos/Commun/connect.php on line 4
[18-Oct-2023 05:24:50 UTC] PHP Notice:  session_start(): ps_files_cleanup_dir: opendir(/tmp/.priv) failed: Permission denied (13) in /homepages/9/d325137455/htdocs/bourseauxvelos/Commun/connect.php on line 4
[18-Oct-2023 05:24:50 UTC] PHP Warning:  session_start(): Session cache limiter cannot be sent after headers have already been sent (output started at /homepages/9/d325137455/htdocs/bourseauxvelos/Commun/connect.php:4) in /homepages/9/d325137455/htdocs/bourseauxvelos/Commun/connect.php on line 4
[18-Oct-2023 06:38:06 UTC] PHP Notice:  session_start(): ps_files_cleanup_dir: opendir(/tmp/.priv) failed: Permission denied (13) in /homepages/9/d325137455/htdocs/bourseauxvelos/Commun/connect.php on line 4
[18-Oct-2023 06:38:06 UTC] PHP Warning:  session_start(): Session cache limiter cannot be sent after headers have already been sent (output started at /homepages/9/d325137455/htdocs/bourseauxvelos/Commun/connect.php:4) in /homepages/9/d325137455/htdocs/bourseauxvelos/Commun/connect.php on line 4
[18-Oct-2023 08:19:51 UTC] PHP Notice:  session_start(): ps_files_cleanup_dir: opendir(/tmp/.priv) failed: Permission denied (13) in /homepages/9/d325137455/htdocs/bourseauxvelos/Commun/connect.php on line 4
[18-Oct-2023 08:19:51 UTC] PHP Warning:  session_start(): Session cache limiter cannot be sent after headers have already been sent (output started at /homepages/9/d325137455/htdocs/bourseauxvelos/Commun/connect.php:4) in /homepages/9/d325137455/htdocs/bourseauxvelos/Commun/connect.php on line 4
[18-Oct-2023 10:07:30 UTC] PHP Notice:  session_start(): ps_files_cleanup_dir: opendir(/tmp/.priv) failed: Permission denied (13) in /homepages/9/d325137455/htdocs/bourseauxvelos/Commun/connect.php on line 4
[18-Oct-2023 10:07:30 UTC] PHP Warning:  session_start(): Session cache limiter cannot be sent after headers have already been sent (output started at /homepages/9/d325137455/htdocs/bourseauxvelos/Commun/connect.php:4) in /homepages/9/d325137455/htdocs/bourseauxvelos/Commun/connect.php on line 4
[18-Oct-2023 11:37:29 UTC] PHP Notice:  session_start(): ps_files_cleanup_dir: opendir(/tmp/.priv) failed: Permission denied (13) in /homepages/9/d325137455/htdocs/bourseauxvelos/Commun/connect.php on line 4
[18-Oct-2023 11:37:29 UTC] PHP Warning:  session_start(): Session cache limiter cannot be sent after headers have already been sent (output started at /homepages/9/d325137455/htdocs/bourseauxvelos/Commun/connect.php:4) in /homepages/9/d325137455/htdocs/bourseauxvelos/Commun/connect.php on line 4
[19-Oct-2023 06:38:08 UTC] PHP Notice:  session_start(): ps_files_cleanup_dir: opendir(/tmp/.priv) failed: Permission denied (13) in /homepages/9/d325137455/htdocs/bourseauxvelos/Commun/connect.php on line 4
[19-Oct-2023 06:38:08 UTC] PHP Warning:  session_start(): Session cache limiter cannot be sent after headers have already been sent (output started at /homepages/9/d325137455/htdocs/bourseauxvelos/Commun/connect.php:4) in /homepages/9/d325137455/htdocs/bourseauxvelos/Commun/connect.php on line 4
[19-Oct-2023 12:57:01 UTC] PHP Notice:  session_start(): ps_files_cleanup_dir: opendir(/tmp/.priv) failed: Permission denied (13) in /homepages/9/d325137455/htdocs/bourseauxvelos/Commun/connect.php on line 4
[19-Oct-2023 12:57:01 UTC] PHP Warning:  session_start(): Session cache limiter cannot be sent after headers have already been sent (output started at /homepages/9/d325137455/htdocs/bourseauxvelos/Commun/connect.php:4) in /homepages/9/d325137455/htdocs/bourseauxvelos/Commun/connect.php on line 4
[20-Oct-2023 08:03:17 UTC] PHP Warning:  Undefined array key "HTTP_USER_AGENT" in /homepages/9/d325137455/htdocs/bourseauxvelos/Commun/commun_functions.php on line 323
[21-Oct-2023 07:18:11 UTC] PHP Notice:  session_start(): ps_files_cleanup_dir: opendir(/tmp/.priv) failed: Permission denied (13) in /homepages/9/d325137455/htdocs/bourseauxvelos/Commun/connect.php on line 4
[21-Oct-2023 07:18:11 UTC] PHP Warning:  session_start(): Session cache limiter cannot be sent after headers have already been sent (output started at /homepages/9/d325137455/htdocs/bourseauxvelos/Commun/connect.php:4) in /homepages/9/d325137455/htdocs/bourseauxvelos/Commun/connect.php on line 4
[21-Oct-2023 14:16:19 UTC] PHP Notice:  session_start(): ps_files_cleanup_dir: opendir(/tmp/.priv) failed: Permission denied (13) in /homepages/9/d325137455/htdocs/bourseauxvelos/Commun/connect.php on line 4
[21-Oct-2023 14:16:19 UTC] PHP Warning:  session_start(): Session cache limiter cannot be sent after headers have already been sent (output started at /homepages/9/d325137455/htdocs/bourseauxvelos/Commun/connect.php:4) in /homepages/9/d325137455/htdocs/bourseauxvelos/Commun/connect.php on line 4
[22-Oct-2023 06:12:44 UTC] PHP Notice:  session_start(): ps_files_cleanup_dir: opendir(/tmp/.priv) failed: Permission denied (13) in /homepages/9/d325137455/htdocs/bourseauxvelos/Commun/connect.php on line 4
[22-Oct-2023 06:12:44 UTC] PHP Warning:  session_start(): Session cache limiter cannot be sent after headers have already been sent (output started at /homepages/9/d325137455/htdocs/bourseauxvelos/Commun/connect.php:4) in /homepages/9/d325137455/htdocs/bourseauxvelos/Commun/connect.php on line 4
[22-Oct-2023 14:57:54 UTC] PHP Notice:  session_start(): ps_files_cleanup_dir: opendir(/tmp/.priv) failed: Permission denied (13) in /homepages/9/d325137455/htdocs/bourseauxvelos/Commun/connect.php on line 4
[22-Oct-2023 14:57:54 UTC] PHP Warning:  session_start(): Session cache limiter cannot be sent after headers have already been sent (output started at /homepages/9/d325137455/htdocs/bourseauxvelos/Commun/connect.php:4) in /homepages/9/d325137455/htdocs/bourseauxvelos/Commun/connect.php on line 4
[22-Oct-2023 15:44:38 UTC] PHP Notice:  session_start(): ps_files_cleanup_dir: opendir(/tmp/.priv) failed: Permission denied (13) in /homepages/9/d325137455/htdocs/bourseauxvelos/Commun/connect.php on line 4
[22-Oct-2023 15:44:38 UTC] PHP Warning:  session_start(): Session cache limiter cannot be sent after headers have already been sent (output started at /homepages/9/d325137455/htdocs/bourseauxvelos/Commun/connect.php:4) in /homepages/9/d325137455/htdocs/bourseauxvelos/Commun/connect.php on line 4
[22-Oct-2023 17:49:44 UTC] PHP Notice:  session_start(): ps_files_cleanup_dir: opendir(/tmp/.priv) failed: Permission denied (13) in /homepages/9/d325137455/htdocs/bourseauxvelos/Commun/connect.php on line 4
[22-Oct-2023 17:49:44 UTC] PHP Warning:  session_start(): Session cache limiter cannot be sent after headers have already been sent (output started at /homepages/9/d325137455/htdocs/bourseauxvelos/Commun/connect.php:4) in /homepages/9/d325137455/htdocs/bourseauxvelos/Commun/connect.php on line 4
[23-Oct-2023 04:22:08 UTC] PHP Notice:  session_start(): ps_files_cleanup_dir: opendir(/tmp/.priv) failed: Permission denied (13) in /homepages/9/d325137455/htdocs/bourseauxvelos/Commun/connect.php on line 4
[23-Oct-2023 04:22:08 UTC] PHP Warning:  session_start(): Session cache limiter cannot be sent after headers have already been sent (output started at /homepages/9/d325137455/htdocs/bourseauxvelos/Commun/connect.php:4) in /homepages/9/d325137455/htdocs/bourseauxvelos/Commun/connect.php on line 4
[23-Oct-2023 05:23:59 UTC] PHP Notice:  session_start(): ps_files_cleanup_dir: opendir(/tmp/.priv) failed: Permission denied (13) in /homepages/9/d325137455/htdocs/bourseauxvelos/Commun/connect.php on line 4
[23-Oct-2023 05:23:59 UTC] PHP Warning:  session_start(): Session cache limiter cannot be sent after headers have already been sent (output started at /homepages/9/d325137455/htdocs/bourseauxvelos/Commun/connect.php:4) in /homepages/9/d325137455/htdocs/bourseauxvelos/Commun/connect.php on line 4
[23-Oct-2023 13:25:28 UTC] PHP Notice:  session_start(): ps_files_cleanup_dir: opendir(/tmp/.priv) failed: Permission denied (13) in /homepages/9/d325137455/htdocs/bourseauxvelos/Commun/connect.php on line 4
[23-Oct-2023 13:25:28 UTC] PHP Warning:  session_start(): Session cache limiter cannot be sent after headers have already been sent (output started at /homepages/9/d325137455/htdocs/bourseauxvelos/Commun/connect.php:4) in /homepages/9/d325137455/htdocs/bourseauxvelos/Commun/connect.php on line 4
[24-Oct-2023 06:06:36 UTC] PHP Notice:  session_start(): ps_files_cleanup_dir: opendir(/tmp/.priv) failed: Permission denied (13) in /homepages/9/d325137455/htdocs/bourseauxvelos/Commun/connect.php on line 4
[24-Oct-2023 06:06:36 UTC] PHP Warning:  session_start(): Session cache limiter cannot be sent after headers have already been sent (output started at /homepages/9/d325137455/htdocs/bourseauxvelos/Commun/connect.php:4) in /homepages/9/d325137455/htdocs/bourseauxvelos/Commun/connect.php on line 4
[25-Oct-2023 13:08:35 UTC] PHP Notice:  session_start(): ps_files_cleanup_dir: opendir(/tmp/.priv) failed: Permission denied (13) in /homepages/9/d325137455/htdocs/bourseauxvelos/Commun/connect.php on line 4
[25-Oct-2023 13:08:35 UTC] PHP Warning:  session_start(): Session cache limiter cannot be sent after headers have already been sent (output started at /homepages/9/d325137455/htdocs/bourseauxvelos/Commun/connect.php:4) in /homepages/9/d325137455/htdocs/bourseauxvelos/Commun/connect.php on line 4
[26-Oct-2023 00:58:50 UTC] PHP Notice:  session_start(): ps_files_cleanup_dir: opendir(/tmp/.priv) failed: Permission denied (13) in /homepages/9/d325137455/htdocs/bourseauxvelos/Commun/connect.php on line 4
[26-Oct-2023 00:58:50 UTC] PHP Warning:  session_start(): Session cache limiter cannot be sent after headers have already been sent (output started at /homepages/9/d325137455/htdocs/bourseauxvelos/Commun/connect.php:4) in /homepages/9/d325137455/htdocs/bourseauxvelos/Commun/connect.php on line 4
[26-Oct-2023 07:50:39 UTC] PHP Notice:  session_start(): ps_files_cleanup_dir: opendir(/tmp/.priv) failed: Permission denied (13) in /homepages/9/d325137455/htdocs/bourseauxvelos/Commun/connect.php on line 4
[26-Oct-2023 07:50:39 UTC] PHP Warning:  session_start(): Session cache limiter cannot be sent after headers have already been sent (output started at /homepages/9/d325137455/htdocs/bourseauxvelos/Commun/connect.php:4) in /homepages/9/d325137455/htdocs/bourseauxvelos/Commun/connect.php on line 4
[26-Oct-2023 09:37:49 UTC] PHP Notice:  session_start(): ps_files_cleanup_dir: opendir(/tmp/.priv) failed: Permission denied (13) in /homepages/9/d325137455/htdocs/bourseauxvelos/Commun/connect.php on line 4
[26-Oct-2023 09:37:49 UTC] PHP Warning:  session_start(): Session cache limiter cannot be sent after headers have already been sent (output started at /homepages/9/d325137455/htdocs/bourseauxvelos/Commun/connect.php:4) in /homepages/9/d325137455/htdocs/bourseauxvelos/Commun/connect.php on line 4
[26-Oct-2023 17:18:04 UTC] PHP Notice:  session_start(): ps_files_cleanup_dir: opendir(/tmp/.priv) failed: Permission denied (13) in /homepages/9/d325137455/htdocs/bourseauxvelos/Commun/connect.php on line 4
[26-Oct-2023 17:18:04 UTC] PHP Warning:  session_start(): Session cache limiter cannot be sent after headers have already been sent (output started at /homepages/9/d325137455/htdocs/bourseauxvelos/Commun/connect.php:4) in /homepages/9/d325137455/htdocs/bourseauxvelos/Commun/connect.php on line 4
[26-Oct-2023 18:45:31 UTC] PHP Notice:  session_start(): ps_files_cleanup_dir: opendir(/tmp/.priv) failed: Permission denied (13) in /homepages/9/d325137455/htdocs/bourseauxvelos/Commun/connect.php on line 4
[26-Oct-2023 18:45:31 UTC] PHP Warning:  session_start(): Session cache limiter cannot be sent after headers have already been sent (output started at /homepages/9/d325137455/htdocs/bourseauxvelos/Commun/connect.php:4) in /homepages/9/d325137455/htdocs/bourseauxvelos/Commun/connect.php on line 4
[27-Oct-2023 13:41:45 UTC] PHP Notice:  session_start(): ps_files_cleanup_dir: opendir(/tmp/.priv) failed: Permission denied (13) in /homepages/9/d325137455/htdocs/bourseauxvelos/Commun/connect.php on line 4
[27-Oct-2023 13:41:45 UTC] PHP Warning:  session_start(): Session cache limiter cannot be sent after headers have already been sent (output started at /homepages/9/d325137455/htdocs/bourseauxvelos/Commun/connect.php:4) in /homepages/9/d325137455/htdocs/bourseauxvelos/Commun/connect.php on line 4
[28-Oct-2023 09:18:47 UTC] PHP Notice:  session_start(): ps_files_cleanup_dir: opendir(/tmp/.priv) failed: Permission denied (13) in /homepages/9/d325137455/htdocs/bourseauxvelos/Commun/connect.php on line 4
[28-Oct-2023 09:18:47 UTC] PHP Warning:  session_start(): Session cache limiter cannot be sent after headers have already been sent (output started at /homepages/9/d325137455/htdocs/bourseauxvelos/Commun/connect.php:4) in /homepages/9/d325137455/htdocs/bourseauxvelos/Commun/connect.php on line 4
[28-Oct-2023 14:47:50 UTC] PHP Notice:  session_start(): ps_files_cleanup_dir: opendir(/tmp/.priv) failed: Permission denied (13) in /homepages/9/d325137455/htdocs/bourseauxvelos/Commun/connect.php on line 4
[28-Oct-2023 14:47:50 UTC] PHP Warning:  session_start(): Session cache limiter cannot be sent after headers have already been sent (output started at /homepages/9/d325137455/htdocs/bourseauxvelos/Commun/connect.php:4) in /homepages/9/d325137455/htdocs/bourseauxvelos/Commun/connect.php on line 4
[29-Oct-2023 09:17:29 UTC] PHP Notice:  session_start(): ps_files_cleanup_dir: opendir(/tmp/.priv) failed: Permission denied (13) in /homepages/9/d325137455/htdocs/bourseauxvelos/Commun/connect.php on line 4
[29-Oct-2023 09:17:29 UTC] PHP Warning:  session_start(): Session cache limiter cannot be sent after headers have already been sent (output started at /homepages/9/d325137455/htdocs/bourseauxvelos/Commun/connect.php:4) in /homepages/9/d325137455/htdocs/bourseauxvelos/Commun/connect.php on line 4
[29-Oct-2023 14:31:19 UTC] PHP Notice:  session_start(): ps_files_cleanup_dir: opendir(/tmp/.priv) failed: Permission denied (13) in /homepages/9/d325137455/htdocs/bourseauxvelos/Commun/connect.php on line 4
[29-Oct-2023 14:31:19 UTC] PHP Warning:  session_start(): Session cache limiter cannot be sent after headers have already been sent (output started at /homepages/9/d325137455/htdocs/bourseauxvelos/Commun/connect.php:4) in /homepages/9/d325137455/htdocs/bourseauxvelos/Commun/connect.php on line 4
[29-Oct-2023 17:21:09 UTC] PHP Notice:  session_start(): ps_files_cleanup_dir: opendir(/tmp/.priv) failed: Permission denied (13) in /homepages/9/d325137455/htdocs/bourseauxvelos/Commun/connect.php on line 4
[29-Oct-2023 17:21:09 UTC] PHP Warning:  session_start(): Session cache limiter cannot be sent after headers have already been sent (output started at /homepages/9/d325137455/htdocs/bourseauxvelos/Commun/connect.php:4) in /homepages/9/d325137455/htdocs/bourseauxvelos/Commun/connect.php on line 4
[30-Oct-2023 09:11:53 UTC] PHP Notice:  session_start(): ps_files_cleanup_dir: opendir(/tmp/.priv) failed: Permission denied (13) in /homepages/9/d325137455/htdocs/bourseauxvelos/Commun/connect.php on line 4
[30-Oct-2023 09:11:53 UTC] PHP Warning:  session_start(): Session cache limiter cannot be sent after headers have already been sent (output started at /homepages/9/d325137455/htdocs/bourseauxvelos/Commun/connect.php:4) in /homepages/9/d325137455/htdocs/bourseauxvelos/Commun/connect.php on line 4
[30-Oct-2023 10:33:01 UTC] PHP Notice:  session_start(): ps_files_cleanup_dir: opendir(/tmp/.priv) failed: Permission denied (13) in /homepages/9/d325137455/htdocs/bourseauxvelos/Commun/connect.php on line 4
[30-Oct-2023 10:33:01 UTC] PHP Warning:  session_start(): Session cache limiter cannot be sent after headers have already been sent (output started at /homepages/9/d325137455/htdocs/bourseauxvelos/Commun/connect.php:4) in /homepages/9/d325137455/htdocs/bourseauxvelos/Commun/connect.php on line 4
[30-Oct-2023 12:28:09 UTC] PHP Notice:  session_start(): ps_files_cleanup_dir: opendir(/tmp/.priv) failed: Permission denied (13) in /homepages/9/d325137455/htdocs/bourseauxvelos/Commun/connect.php on line 4
[30-Oct-2023 12:28:09 UTC] PHP Warning:  session_start(): Session cache limiter cannot be sent after headers have already been sent (output started at /homepages/9/d325137455/htdocs/bourseauxvelos/Commun/connect.php:4) in /homepages/9/d325137455/htdocs/bourseauxvelos/Commun/connect.php on line 4
[30-Oct-2023 18:08:31 UTC] PHP Notice:  session_start(): ps_files_cleanup_dir: opendir(/tmp/.priv) failed: Permission denied (13) in /homepages/9/d325137455/htdocs/bourseauxvelos/Commun/connect.php on line 4
[30-Oct-2023 18:08:31 UTC] PHP Warning:  session_start(): Session cache limiter cannot be sent after headers have already been sent (output started at /homepages/9/d325137455/htdocs/bourseauxvelos/Commun/connect.php:4) in /homepages/9/d325137455/htdocs/bourseauxvelos/Commun/connect.php on line 4
[30-Oct-2023 19:05:19 UTC] PHP Notice:  session_start(): ps_files_cleanup_dir: opendir(/tmp/.priv) failed: Permission denied (13) in /homepages/9/d325137455/htdocs/bourseauxvelos/Commun/connect.php on line 4
[30-Oct-2023 19:05:19 UTC] PHP Warning:  session_start(): Session cache limiter cannot be sent after headers have already been sent (output started at /homepages/9/d325137455/htdocs/bourseauxvelos/Commun/connect.php:4) in /homepages/9/d325137455/htdocs/bourseauxvelos/Commun/connect.php on line 4
[01-Nov-2023 09:02:26 UTC] PHP Notice:  session_start(): ps_files_cleanup_dir: opendir(/tmp/.priv) failed: Permission denied (13) in /homepages/9/d325137455/htdocs/bourseauxvelos/Commun/connect.php on line 4
[01-Nov-2023 09:02:26 UTC] PHP Warning:  session_start(): Session cache limiter cannot be sent after headers have already been sent (output started at /homepages/9/d325137455/htdocs/bourseauxvelos/Commun/connect.php:4) in /homepages/9/d325137455/htdocs/bourseauxvelos/Commun/connect.php on line 4
[01-Nov-2023 17:13:47 UTC] PHP Notice:  session_start(): ps_files_cleanup_dir: opendir(/tmp/.priv) failed: Permission denied (13) in /homepages/9/d325137455/htdocs/bourseauxvelos/Commun/connect.php on line 4
[01-Nov-2023 17:13:47 UTC] PHP Warning:  session_start(): Session cache limiter cannot be sent after headers have already been sent (output started at /homepages/9/d325137455/htdocs/bourseauxvelos/Commun/connect.php:4) in /homepages/9/d325137455/htdocs/bourseauxvelos/Commun/connect.php on line 4
[01-Nov-2023 22:10:38 UTC] PHP Notice:  session_start(): ps_files_cleanup_dir: opendir(/tmp/.priv) failed: Permission denied (13) in /homepages/9/d325137455/htdocs/bourseauxvelos/Commun/connect.php on line 4
[01-Nov-2023 22:10:38 UTC] PHP Warning:  session_start(): Session cache limiter cannot be sent after headers have already been sent (output started at /homepages/9/d325137455/htdocs/bourseauxvelos/Commun/connect.php:4) in /homepages/9/d325137455/htdocs/bourseauxvelos/Commun/connect.php on line 4
[02-Nov-2023 07:34:48 UTC] PHP Notice:  session_start(): ps_files_cleanup_dir: opendir(/tmp/.priv) failed: Permission denied (13) in /homepages/9/d325137455/htdocs/bourseauxvelos/Commun/connect.php on line 4
[02-Nov-2023 07:34:48 UTC] PHP Warning:  session_start(): Session cache limiter cannot be sent after headers have already been sent (output started at /homepages/9/d325137455/htdocs/bourseauxvelos/Commun/connect.php:4) in /homepages/9/d325137455/htdocs/bourseauxvelos/Commun/connect.php on line 4
[02-Nov-2023 10:20:51 UTC] PHP Notice:  session_start(): ps_files_cleanup_dir: opendir(/tmp/.priv) failed: Permission denied (13) in /homepages/9/d325137455/htdocs/bourseauxvelos/Commun/connect.php on line 4
[02-Nov-2023 10:20:51 UTC] PHP Warning:  session_start(): Session cache limiter cannot be sent after headers have already been sent (output started at /homepages/9/d325137455/htdocs/bourseauxvelos/Commun/connect.php:4) in /homepages/9/d325137455/htdocs/bourseauxvelos/Commun/connect.php on line 4
[02-Nov-2023 15:37:05 UTC] PHP Notice:  session_start(): ps_files_cleanup_dir: opendir(/tmp/.priv) failed: Permission denied (13) in /homepages/9/d325137455/htdocs/bourseauxvelos/Commun/connect.php on line 4
[02-Nov-2023 15:37:05 UTC] PHP Warning:  session_start(): Session cache limiter cannot be sent after headers have already been sent (output started at /homepages/9/d325137455/htdocs/bourseauxvelos/Commun/connect.php:4) in /homepages/9/d325137455/htdocs/bourseauxvelos/Commun/connect.php on line 4
[02-Nov-2023 16:08:30 UTC] PHP Notice:  session_start(): ps_files_cleanup_dir: opendir(/tmp/.priv) failed: Permission denied (13) in /homepages/9/d325137455/htdocs/bourseauxvelos/Commun/connect.php on line 4
[02-Nov-2023 16:08:30 UTC] PHP Warning:  session_start(): Session cache limiter cannot be sent after headers have already been sent (output started at /homepages/9/d325137455/htdocs/bourseauxvelos/Commun/connect.php:4) in /homepages/9/d325137455/htdocs/bourseauxvelos/Commun/connect.php on line 4
[03-Nov-2023 09:42:45 UTC] PHP Notice:  session_start(): ps_files_cleanup_dir: opendir(/tmp/.priv) failed: Permission denied (13) in /homepages/9/d325137455/htdocs/bourseauxvelos/Commun/connect.php on line 4
[03-Nov-2023 09:42:45 UTC] PHP Warning:  session_start(): Session cache limiter cannot be sent after headers have already been sent (output started at /homepages/9/d325137455/htdocs/bourseauxvelos/Commun/connect.php:4) in /homepages/9/d325137455/htdocs/bourseauxvelos/Commun/connect.php on line 4
[04-Nov-2023 11:09:43 UTC] PHP Notice:  session_start(): ps_files_cleanup_dir: opendir(/tmp/.priv) failed: Permission denied (13) in /homepages/9/d325137455/htdocs/bourseauxvelos/Commun/connect.php on line 4
[04-Nov-2023 11:09:43 UTC] PHP Warning:  session_start(): Session cache limiter cannot be sent after headers have already been sent (output started at /homepages/9/d325137455/htdocs/bourseauxvelos/Commun/connect.php:4) in /homepages/9/d325137455/htdocs/bourseauxvelos/Commun/connect.php on line 4
[04-Nov-2023 19:21:25 UTC] PHP Notice:  session_start(): ps_files_cleanup_dir: opendir(/tmp/.priv) failed: Permission denied (13) in /homepages/9/d325137455/htdocs/bourseauxvelos/Commun/connect.php on line 4
[04-Nov-2023 19:21:25 UTC] PHP Warning:  session_start(): Session cache limiter cannot be sent after headers have already been sent (output started at /homepages/9/d325137455/htdocs/bourseauxvelos/Commun/connect.php:4) in /homepages/9/d325137455/htdocs/bourseauxvelos/Commun/connect.php on line 4
[04-Nov-2023 20:41:48 UTC] PHP Notice:  session_start(): ps_files_cleanup_dir: opendir(/tmp/.priv) failed: Permission denied (13) in /homepages/9/d325137455/htdocs/bourseauxvelos/Commun/connect.php on line 4
[04-Nov-2023 20:41:48 UTC] PHP Warning:  session_start(): Session cache limiter cannot be sent after headers have already been sent (output started at /homepages/9/d325137455/htdocs/bourseauxvelos/Commun/connect.php:4) in /homepages/9/d325137455/htdocs/bourseauxvelos/Commun/connect.php on line 4
[04-Nov-2023 21:30:35 UTC] PHP Notice:  session_start(): ps_files_cleanup_dir: opendir(/tmp/.priv) failed: Permission denied (13) in /homepages/9/d325137455/htdocs/bourseauxvelos/Commun/connect.php on line 4
[04-Nov-2023 21:30:35 UTC] PHP Warning:  session_start(): Session cache limiter cannot be sent after headers have already been sent (output started at /homepages/9/d325137455/htdocs/bourseauxvelos/Commun/connect.php:4) in /homepages/9/d325137455/htdocs/bourseauxvelos/Commun/connect.php on line 4
[05-Nov-2023 11:51:16 UTC] PHP Notice:  session_start(): ps_files_cleanup_dir: opendir(/tmp/.priv) failed: Permission denied (13) in /homepages/9/d325137455/htdocs/bourseauxvelos/Commun/connect.php on line 4
[05-Nov-2023 11:51:16 UTC] PHP Warning:  session_start(): Session cache limiter cannot be sent after headers have already been sent (output started at /homepages/9/d325137455/htdocs/bourseauxvelos/Commun/connect.php:4) in /homepages/9/d325137455/htdocs/bourseauxvelos/Commun/connect.php on line 4
[06-Nov-2023 20:19:56 UTC] PHP Notice:  session_start(): ps_files_cleanup_dir: opendir(/tmp/.priv) failed: Permission denied (13) in /homepages/9/d325137455/htdocs/bourseauxvelos/Commun/connect.php on line 4
[06-Nov-2023 20:19:56 UTC] PHP Warning:  session_start(): Session cache limiter cannot be sent after headers have already been sent (output started at /homepages/9/d325137455/htdocs/bourseauxvelos/Commun/connect.php:4) in /homepages/9/d325137455/htdocs/bourseauxvelos/Commun/connect.php on line 4
[07-Nov-2023 06:34:27 UTC] PHP Notice:  session_start(): ps_files_cleanup_dir: opendir(/tmp/.priv) failed: Permission denied (13) in /homepages/9/d325137455/htdocs/bourseauxvelos/Commun/connect.php on line 4
[07-Nov-2023 06:34:27 UTC] PHP Warning:  session_start(): Session cache limiter cannot be sent after headers have already been sent (output started at /homepages/9/d325137455/htdocs/bourseauxvelos/Commun/connect.php:4) in /homepages/9/d325137455/htdocs/bourseauxvelos/Commun/connect.php on line 4
[07-Nov-2023 07:39:42 UTC] PHP Notice:  session_start(): ps_files_cleanup_dir: opendir(/tmp/.priv) failed: Permission denied (13) in /homepages/9/d325137455/htdocs/bourseauxvelos/Commun/connect.php on line 4
[07-Nov-2023 07:39:42 UTC] PHP Warning:  session_start(): Session cache limiter cannot be sent after headers have already been sent (output started at /homepages/9/d325137455/htdocs/bourseauxvelos/Commun/connect.php:4) in /homepages/9/d325137455/htdocs/bourseauxvelos/Commun/connect.php on line 4
[08-Nov-2023 07:53:04 UTC] PHP Notice:  session_start(): ps_files_cleanup_dir: opendir(/tmp/.priv) failed: Permission denied (13) in /homepages/9/d325137455/htdocs/bourseauxvelos/Commun/connect.php on line 4
[08-Nov-2023 07:53:04 UTC] PHP Warning:  session_start(): Session cache limiter cannot be sent after headers have already been sent (output started at /homepages/9/d325137455/htdocs/bourseauxvelos/Commun/connect.php:4) in /homepages/9/d325137455/htdocs/bourseauxvelos/Commun/connect.php on line 4
[08-Nov-2023 09:44:56 UTC] PHP Notice:  session_start(): ps_files_cleanup_dir: opendir(/tmp/.priv) failed: Permission denied (13) in /homepages/9/d325137455/htdocs/bourseauxvelos/Commun/connect.php on line 4
[08-Nov-2023 09:44:56 UTC] PHP Warning:  session_start(): Session cache limiter cannot be sent after headers have already been sent (output started at /homepages/9/d325137455/htdocs/bourseauxvelos/Commun/connect.php:4) in /homepages/9/d325137455/htdocs/bourseauxvelos/Commun/connect.php on line 4
[08-Nov-2023 13:42:25 UTC] PHP Notice:  session_start(): ps_files_cleanup_dir: opendir(/tmp/.priv) failed: Permission denied (13) in /homepages/9/d325137455/htdocs/bourseauxvelos/Commun/connect.php on line 4
[08-Nov-2023 13:42:25 UTC] PHP Warning:  session_start(): Session cache limiter cannot be sent after headers have already been sent (output started at /homepages/9/d325137455/htdocs/bourseauxvelos/Commun/connect.php:4) in /homepages/9/d325137455/htdocs/bourseauxvelos/Commun/connect.php on line 4
[09-Nov-2023 09:02:07 UTC] PHP Notice:  session_start(): ps_files_cleanup_dir: opendir(/tmp/.priv) failed: Permission denied (13) in /homepages/9/d325137455/htdocs/bourseauxvelos/Commun/connect.php on line 4
[09-Nov-2023 09:02:07 UTC] PHP Warning:  session_start(): Session cache limiter cannot be sent after headers have already been sent (output started at /homepages/9/d325137455/htdocs/bourseauxvelos/Commun/connect.php:4) in /homepages/9/d325137455/htdocs/bourseauxvelos/Commun/connect.php on line 4
[10-Nov-2023 08:52:35 UTC] PHP Warning:  Undefined array key "HTTP_USER_AGENT" in /homepages/9/d325137455/htdocs/bourseauxvelos/Commun/commun_functions.php on line 323
[10-Nov-2023 10:11:05 UTC] PHP Warning:  Undefined array key "HTTP_USER_AGENT" in /homepages/9/d325137455/htdocs/bourseauxvelos/Commun/commun_functions.php on line 323
[10-Nov-2023 16:00:43 UTC] PHP Notice:  session_start(): ps_files_cleanup_dir: opendir(/tmp/.priv) failed: Permission denied (13) in /homepages/9/d325137455/htdocs/bourseauxvelos/Commun/connect.php on line 4
[10-Nov-2023 16:00:43 UTC] PHP Warning:  session_start(): Session cache limiter cannot be sent after headers have already been sent (output started at /homepages/9/d325137455/htdocs/bourseauxvelos/Commun/connect.php:4) in /homepages/9/d325137455/htdocs/bourseauxvelos/Commun/connect.php on line 4
[10-Nov-2023 17:22:46 UTC] PHP Notice:  session_start(): ps_files_cleanup_dir: opendir(/tmp/.priv) failed: Permission denied (13) in /homepages/9/d325137455/htdocs/bourseauxvelos/Commun/connect.php on line 4
[10-Nov-2023 17:22:46 UTC] PHP Warning:  session_start(): Session cache limiter cannot be sent after headers have already been sent (output started at /homepages/9/d325137455/htdocs/bourseauxvelos/Commun/connect.php:4) in /homepages/9/d325137455/htdocs/bourseauxvelos/Commun/connect.php on line 4
[10-Nov-2023 18:12:25 UTC] PHP Notice:  session_start(): ps_files_cleanup_dir: opendir(/tmp/.priv) failed: Permission denied (13) in /homepages/9/d325137455/htdocs/bourseauxvelos/Commun/connect.php on line 4
[10-Nov-2023 18:12:25 UTC] PHP Warning:  session_start(): Session cache limiter cannot be sent after headers have already been sent (output started at /homepages/9/d325137455/htdocs/bourseauxvelos/Commun/connect.php:4) in /homepages/9/d325137455/htdocs/bourseauxvelos/Commun/connect.php on line 4
[10-Nov-2023 20:43:35 UTC] PHP Notice:  session_start(): ps_files_cleanup_dir: opendir(/tmp/.priv) failed: Permission denied (13) in /homepages/9/d325137455/htdocs/bourseauxvelos/Commun/connect.php on line 4
[10-Nov-2023 20:43:35 UTC] PHP Warning:  session_start(): Session cache limiter cannot be sent after headers have already been sent (output started at /homepages/9/d325137455/htdocs/bourseauxvelos/Commun/connect.php:4) in /homepages/9/d325137455/htdocs/bourseauxvelos/Commun/connect.php on line 4
[11-Nov-2023 05:09:54 UTC] PHP Notice:  session_start(): ps_files_cleanup_dir: opendir(/tmp/.priv) failed: Permission denied (13) in /homepages/9/d325137455/htdocs/bourseauxvelos/Commun/connect.php on line 4
[11-Nov-2023 05:09:54 UTC] PHP Warning:  session_start(): Session cache limiter cannot be sent after headers have already been sent (output started at /homepages/9/d325137455/htdocs/bourseauxvelos/Commun/connect.php:4) in /homepages/9/d325137455/htdocs/bourseauxvelos/Commun/connect.php on line 4
[11-Nov-2023 07:52:09 UTC] PHP Notice:  session_start(): ps_files_cleanup_dir: opendir(/tmp/.priv) failed: Permission denied (13) in /homepages/9/d325137455/htdocs/bourseauxvelos/Commun/connect.php on line 4
[11-Nov-2023 07:52:09 UTC] PHP Warning:  session_start(): Session cache limiter cannot be sent after headers have already been sent (output started at /homepages/9/d325137455/htdocs/bourseauxvelos/Commun/connect.php:4) in /homepages/9/d325137455/htdocs/bourseauxvelos/Commun/connect.php on line 4
[11-Nov-2023 13:38:18 UTC] PHP Notice:  session_start(): ps_files_cleanup_dir: opendir(/tmp/.priv) failed: Permission denied (13) in /homepages/9/d325137455/htdocs/bourseauxvelos/Commun/connect.php on line 4
[11-Nov-2023 13:38:18 UTC] PHP Warning:  session_start(): Session cache limiter cannot be sent after headers have already been sent (output started at /homepages/9/d325137455/htdocs/bourseauxvelos/Commun/connect.php:4) in /homepages/9/d325137455/htdocs/bourseauxvelos/Commun/connect.php on line 4
[11-Nov-2023 15:52:19 UTC] PHP Notice:  session_start(): ps_files_cleanup_dir: opendir(/tmp/.priv) failed: Permission denied (13) in /homepages/9/d325137455/htdocs/bourseauxvelos/Commun/connect.php on line 4
[11-Nov-2023 15:52:19 UTC] PHP Warning:  session_start(): Session cache limiter cannot be sent after headers have already been sent (output started at /homepages/9/d325137455/htdocs/bourseauxvelos/Commun/connect.php:4) in /homepages/9/d325137455/htdocs/bourseauxvelos/Commun/connect.php on line 4
[11-Nov-2023 16:30:17 UTC] PHP Notice:  session_start(): ps_files_cleanup_dir: opendir(/tmp/.priv) failed: Permission denied (13) in /homepages/9/d325137455/htdocs/bourseauxvelos/Commun/connect.php on line 4
[11-Nov-2023 16:30:17 UTC] PHP Warning:  session_start(): Session cache limiter cannot be sent after headers have already been sent (output started at /homepages/9/d325137455/htdocs/bourseauxvelos/Commun/connect.php:4) in /homepages/9/d325137455/htdocs/bourseauxvelos/Commun/connect.php on line 4
[12-Nov-2023 15:46:47 UTC] PHP Notice:  session_start(): ps_files_cleanup_dir: opendir(/tmp/.priv) failed: Permission denied (13) in /homepages/9/d325137455/htdocs/bourseauxvelos/Commun/connect.php on line 4
[12-Nov-2023 15:46:47 UTC] PHP Warning:  session_start(): Session cache limiter cannot be sent after headers have already been sent (output started at /homepages/9/d325137455/htdocs/bourseauxvelos/Commun/connect.php:4) in /homepages/9/d325137455/htdocs/bourseauxvelos/Commun/connect.php on line 4
[12-Nov-2023 19:54:19 UTC] PHP Notice:  session_start(): ps_files_cleanup_dir: opendir(/tmp/.priv) failed: Permission denied (13) in /homepages/9/d325137455/htdocs/bourseauxvelos/Commun/connect.php on line 4
[12-Nov-2023 19:54:19 UTC] PHP Warning:  session_start(): Session cache limiter cannot be sent after headers have already been sent (output started at /homepages/9/d325137455/htdocs/bourseauxvelos/Commun/connect.php:4) in /homepages/9/d325137455/htdocs/bourseauxvelos/Commun/connect.php on line 4
[12-Nov-2023 20:54:05 UTC] PHP Notice:  session_start(): ps_files_cleanup_dir: opendir(/tmp/.priv) failed: Permission denied (13) in /homepages/9/d325137455/htdocs/bourseauxvelos/Commun/connect.php on line 4
[12-Nov-2023 20:54:05 UTC] PHP Warning:  session_start(): Session cache limiter cannot be sent after headers have already been sent (output started at /homepages/9/d325137455/htdocs/bourseauxvelos/Commun/connect.php:4) in /homepages/9/d325137455/htdocs/bourseauxvelos/Commun/connect.php on line 4
[13-Nov-2023 08:48:55 UTC] PHP Notice:  session_start(): ps_files_cleanup_dir: opendir(/tmp/.priv) failed: Permission denied (13) in /homepages/9/d325137455/htdocs/bourseauxvelos/Commun/connect.php on line 4
[13-Nov-2023 08:48:55 UTC] PHP Warning:  session_start(): Session cache limiter cannot be sent after headers have already been sent (output started at /homepages/9/d325137455/htdocs/bourseauxvelos/Commun/connect.php:4) in /homepages/9/d325137455/htdocs/bourseauxvelos/Commun/connect.php on line 4
[13-Nov-2023 08:51:35 UTC] PHP Notice:  session_start(): ps_files_cleanup_dir: opendir(/tmp/.priv) failed: Permission denied (13) in /homepages/9/d325137455/htdocs/bourseauxvelos/Commun/connect.php on line 4
[13-Nov-2023 08:51:35 UTC] PHP Warning:  session_start(): Session cache limiter cannot be sent after headers have already been sent (output started at /homepages/9/d325137455/htdocs/bourseauxvelos/Commun/connect.php:4) in /homepages/9/d325137455/htdocs/bourseauxvelos/Commun/connect.php on line 4
[13-Nov-2023 10:38:35 UTC] PHP Notice:  session_start(): ps_files_cleanup_dir: opendir(/tmp/.priv) failed: Permission denied (13) in /homepages/9/d325137455/htdocs/bourseauxvelos/Commun/connect.php on line 4
[13-Nov-2023 10:38:35 UTC] PHP Warning:  session_start(): Session cache limiter cannot be sent after headers have already been sent (output started at /homepages/9/d325137455/htdocs/bourseauxvelos/Commun/connect.php:4) in /homepages/9/d325137455/htdocs/bourseauxvelos/Commun/connect.php on line 4
[13-Nov-2023 10:47:31 UTC] PHP Notice:  session_start(): ps_files_cleanup_dir: opendir(/tmp/.priv) failed: Permission denied (13) in /homepages/9/d325137455/htdocs/bourseauxvelos/Commun/connect.php on line 4
[13-Nov-2023 10:47:31 UTC] PHP Warning:  session_start(): Session cache limiter cannot be sent after headers have already been sent (output started at /homepages/9/d325137455/htdocs/bourseauxvelos/Commun/connect.php:4) in /homepages/9/d325137455/htdocs/bourseauxvelos/Commun/connect.php on line 4
[13-Nov-2023 10:48:17 UTC] PHP Notice:  session_start(): ps_files_cleanup_dir: opendir(/tmp/.priv) failed: Permission denied (13) in /homepages/9/d325137455/htdocs/bourseauxvelos/Commun/connect.php on line 4
[13-Nov-2023 10:48:17 UTC] PHP Warning:  session_start(): Session cache limiter cannot be sent after headers have already been sent (output started at /homepages/9/d325137455/htdocs/bourseauxvelos/Commun/connect.php:4) in /homepages/9/d325137455/htdocs/bourseauxvelos/Commun/connect.php on line 4
[13-Nov-2023 18:11:20 UTC] PHP Notice:  session_start(): ps_files_cleanup_dir: opendir(/tmp/.priv) failed: Permission denied (13) in /homepages/9/d325137455/htdocs/bourseauxvelos/Commun/connect.php on line 4
[13-Nov-2023 18:11:20 UTC] PHP Warning:  session_start(): Session cache limiter cannot be sent after headers have already been sent (output started at /homepages/9/d325137455/htdocs/bourseauxvelos/Commun/connect.php:4) in /homepages/9/d325137455/htdocs/bourseauxvelos/Commun/connect.php on line 4
[13-Nov-2023 18:49:38 UTC] PHP Notice:  session_start(): ps_files_cleanup_dir: opendir(/tmp/.priv) failed: Permission denied (13) in /homepages/9/d325137455/htdocs/bourseauxvelos/Commun/connect.php on line 4
[13-Nov-2023 18:49:38 UTC] PHP Warning:  session_start(): Session cache limiter cannot be sent after headers have already been sent (output started at /homepages/9/d325137455/htdocs/bourseauxvelos/Commun/connect.php:4) in /homepages/9/d325137455/htdocs/bourseauxvelos/Commun/connect.php on line 4
[13-Nov-2023 18:57:21 UTC] PHP Notice:  session_start(): ps_files_cleanup_dir: opendir(/tmp/.priv) failed: Permission denied (13) in /homepages/9/d325137455/htdocs/bourseauxvelos/Commun/connect.php on line 4
[13-Nov-2023 18:57:21 UTC] PHP Warning:  session_start(): Session cache limiter cannot be sent after headers have already been sent (output started at /homepages/9/d325137455/htdocs/bourseauxvelos/Commun/connect.php:4) in /homepages/9/d325137455/htdocs/bourseauxvelos/Commun/connect.php on line 4
[13-Nov-2023 20:45:56 UTC] PHP Notice:  session_start(): ps_files_cleanup_dir: opendir(/tmp/.priv) failed: Permission denied (13) in /homepages/9/d325137455/htdocs/bourseauxvelos/Commun/connect.php on line 4
[13-Nov-2023 20:45:56 UTC] PHP Warning:  session_start(): Session cache limiter cannot be sent after headers have already been sent (output started at /homepages/9/d325137455/htdocs/bourseauxvelos/Commun/connect.php:4) in /homepages/9/d325137455/htdocs/bourseauxvelos/Commun/connect.php on line 4
[13-Nov-2023 20:46:55 UTC] PHP Notice:  session_start(): ps_files_cleanup_dir: opendir(/tmp/.priv) failed: Permission denied (13) in /homepages/9/d325137455/htdocs/bourseauxvelos/Commun/connect.php on line 4
[13-Nov-2023 20:46:55 UTC] PHP Warning:  session_start(): Session cache limiter cannot be sent after headers have already been sent (output started at /homepages/9/d325137455/htdocs/bourseauxvelos/Commun/connect.php:4) in /homepages/9/d325137455/htdocs/bourseauxvelos/Commun/connect.php on line 4
[13-Nov-2023 21:27:30 UTC] PHP Notice:  session_start(): ps_files_cleanup_dir: opendir(/tmp/.priv) failed: Permission denied (13) in /homepages/9/d325137455/htdocs/bourseauxvelos/Commun/connect.php on line 4
[13-Nov-2023 21:27:30 UTC] PHP Warning:  session_start(): Session cache limiter cannot be sent after headers have already been sent (output started at /homepages/9/d325137455/htdocs/bourseauxvelos/Commun/connect.php:4) in /homepages/9/d325137455/htdocs/bourseauxvelos/Commun/connect.php on line 4
[13-Nov-2023 22:27:36 UTC] PHP Notice:  session_start(): ps_files_cleanup_dir: opendir(/tmp/.priv) failed: Permission denied (13) in /homepages/9/d325137455/htdocs/bourseauxvelos/Commun/connect.php on line 4
[13-Nov-2023 22:27:36 UTC] PHP Warning:  session_start(): Session cache limiter cannot be sent after headers have already been sent (output started at /homepages/9/d325137455/htdocs/bourseauxvelos/Commun/connect.php:4) in /homepages/9/d325137455/htdocs/bourseauxvelos/Commun/connect.php on line 4
[14-Nov-2023 07:55:43 UTC] PHP Notice:  session_start(): ps_files_cleanup_dir: opendir(/tmp/.priv) failed: Permission denied (13) in /homepages/9/d325137455/htdocs/bourseauxvelos/Commun/connect.php on line 4
[14-Nov-2023 07:55:43 UTC] PHP Warning:  session_start(): Session cache limiter cannot be sent after headers have already been sent (output started at /homepages/9/d325137455/htdocs/bourseauxvelos/Commun/connect.php:4) in /homepages/9/d325137455/htdocs/bourseauxvelos/Commun/connect.php on line 4
[14-Nov-2023 10:33:03 UTC] PHP Notice:  session_start(): ps_files_cleanup_dir: opendir(/tmp/.priv) failed: Permission denied (13) in /homepages/9/d325137455/htdocs/bourseauxvelos/Commun/connect.php on line 4
[14-Nov-2023 10:33:03 UTC] PHP Warning:  session_start(): Session cache limiter cannot be sent after headers have already been sent (output started at /homepages/9/d325137455/htdocs/bourseauxvelos/Commun/connect.php:4) in /homepages/9/d325137455/htdocs/bourseauxvelos/Commun/connect.php on line 4
[14-Nov-2023 11:48:01 UTC] PHP Notice:  session_start(): ps_files_cleanup_dir: opendir(/tmp/.priv) failed: Permission denied (13) in /homepages/9/d325137455/htdocs/bourseauxvelos/Commun/connect.php on line 4
[14-Nov-2023 11:48:01 UTC] PHP Warning:  session_start(): Session cache limiter cannot be sent after headers have already been sent (output started at /homepages/9/d325137455/htdocs/bourseauxvelos/Commun/connect.php:4) in /homepages/9/d325137455/htdocs/bourseauxvelos/Commun/connect.php on line 4
[14-Nov-2023 12:03:26 UTC] PHP Notice:  session_start(): ps_files_cleanup_dir: opendir(/tmp/.priv) failed: Permission denied (13) in /homepages/9/d325137455/htdocs/bourseauxvelos/Commun/connect.php on line 4
[14-Nov-2023 12:03:26 UTC] PHP Warning:  session_start(): Session cache limiter cannot be sent after headers have already been sent (output started at /homepages/9/d325137455/htdocs/bourseauxvelos/Commun/connect.php:4) in /homepages/9/d325137455/htdocs/bourseauxvelos/Commun/connect.php on line 4
[14-Nov-2023 14:51:27 UTC] PHP Notice:  session_start(): ps_files_cleanup_dir: opendir(/tmp/.priv) failed: Permission denied (13) in /homepages/9/d325137455/htdocs/bourseauxvelos/Commun/connect.php on line 4
[14-Nov-2023 14:51:27 UTC] PHP Warning:  session_start(): Session cache limiter cannot be sent after headers have already been sent (output started at /homepages/9/d325137455/htdocs/bourseauxvelos/Commun/connect.php:4) in /homepages/9/d325137455/htdocs/bourseauxvelos/Commun/connect.php on line 4
[14-Nov-2023 15:51:13 UTC] PHP Notice:  session_start(): ps_files_cleanup_dir: opendir(/tmp/.priv) failed: Permission denied (13) in /homepages/9/d325137455/htdocs/bourseauxvelos/Commun/connect.php on line 4
[14-Nov-2023 15:51:13 UTC] PHP Warning:  session_start(): Session cache limiter cannot be sent after headers have already been sent (output started at /homepages/9/d325137455/htdocs/bourseauxvelos/Commun/connect.php:4) in /homepages/9/d325137455/htdocs/bourseauxvelos/Commun/connect.php on line 4
[14-Nov-2023 17:43:09 UTC] PHP Notice:  session_start(): ps_files_cleanup_dir: opendir(/tmp/.priv) failed: Permission denied (13) in /homepages/9/d325137455/htdocs/bourseauxvelos/Commun/connect.php on line 4
[14-Nov-2023 17:43:09 UTC] PHP Warning:  session_start(): Session cache limiter cannot be sent after headers have already been sent (output started at /homepages/9/d325137455/htdocs/bourseauxvelos/Commun/connect.php:4) in /homepages/9/d325137455/htdocs/bourseauxvelos/Commun/connect.php on line 4
[14-Nov-2023 19:06:24 UTC] PHP Notice:  session_start(): ps_files_cleanup_dir: opendir(/tmp/.priv) failed: Permission denied (13) in /homepages/9/d325137455/htdocs/bourseauxvelos/Commun/connect.php on line 4
[14-Nov-2023 19:06:24 UTC] PHP Warning:  session_start(): Session cache limiter cannot be sent after headers have already been sent (output started at /homepages/9/d325137455/htdocs/bourseauxvelos/Commun/connect.php:4) in /homepages/9/d325137455/htdocs/bourseauxvelos/Commun/connect.php on line 4
[14-Nov-2023 19:21:09 UTC] PHP Notice:  session_start(): ps_files_cleanup_dir: opendir(/tmp/.priv) failed: Permission denied (13) in /homepages/9/d325137455/htdocs/bourseauxvelos/Commun/connect.php on line 4
[14-Nov-2023 19:21:09 UTC] PHP Warning:  session_start(): Session cache limiter cannot be sent after headers have already been sent (output started at /homepages/9/d325137455/htdocs/bourseauxvelos/Commun/connect.php:4) in /homepages/9/d325137455/htdocs/bourseauxvelos/Commun/connect.php on line 4
[14-Nov-2023 20:28:50 UTC] PHP Notice:  session_start(): ps_files_cleanup_dir: opendir(/tmp/.priv) failed: Permission denied (13) in /homepages/9/d325137455/htdocs/bourseauxvelos/Commun/connect.php on line 4
[14-Nov-2023 20:28:50 UTC] PHP Warning:  session_start(): Session cache limiter cannot be sent after headers have already been sent (output started at /homepages/9/d325137455/htdocs/bourseauxvelos/Commun/connect.php:4) in /homepages/9/d325137455/htdocs/bourseauxvelos/Commun/connect.php on line 4
[15-Nov-2023 07:38:23 UTC] PHP Notice:  session_start(): ps_files_cleanup_dir: opendir(/tmp/.priv) failed: Permission denied (13) in /homepages/9/d325137455/htdocs/bourseauxvelos/Commun/connect.php on line 4
[15-Nov-2023 07:38:23 UTC] PHP Warning:  session_start(): Session cache limiter cannot be sent after headers have already been sent (output started at /homepages/9/d325137455/htdocs/bourseauxvelos/Commun/connect.php:4) in /homepages/9/d325137455/htdocs/bourseauxvelos/Commun/connect.php on line 4
[15-Nov-2023 08:09:28 UTC] PHP Notice:  session_start(): ps_files_cleanup_dir: opendir(/tmp/.priv) failed: Permission denied (13) in /homepages/9/d325137455/htdocs/bourseauxvelos/Commun/connect.php on line 4
[15-Nov-2023 08:09:28 UTC] PHP Warning:  session_start(): Session cache limiter cannot be sent after headers have already been sent (output started at /homepages/9/d325137455/htdocs/bourseauxvelos/Commun/connect.php:4) in /homepages/9/d325137455/htdocs/bourseauxvelos/Commun/connect.php on line 4
[15-Nov-2023 13:23:57 UTC] PHP Notice:  session_start(): ps_files_cleanup_dir: opendir(/tmp/.priv) failed: Permission denied (13) in /homepages/9/d325137455/htdocs/bourseauxvelos/Commun/connect.php on line 4
[15-Nov-2023 13:23:57 UTC] PHP Warning:  session_start(): Session cache limiter cannot be sent after headers have already been sent (output started at /homepages/9/d325137455/htdocs/bourseauxvelos/Commun/connect.php:4) in /homepages/9/d325137455/htdocs/bourseauxvelos/Commun/connect.php on line 4
[15-Nov-2023 13:29:44 UTC] PHP Notice:  session_start(): ps_files_cleanup_dir: opendir(/tmp/.priv) failed: Permission denied (13) in /homepages/9/d325137455/htdocs/bourseauxvelos/Commun/connect.php on line 4
[15-Nov-2023 13:29:44 UTC] PHP Warning:  session_start(): Session cache limiter cannot be sent after headers have already been sent (output started at /homepages/9/d325137455/htdocs/bourseauxvelos/Commun/connect.php:4) in /homepages/9/d325137455/htdocs/bourseauxvelos/Commun/connect.php on line 4
[15-Nov-2023 17:44:59 UTC] PHP Notice:  session_start(): ps_files_cleanup_dir: opendir(/tmp/.priv) failed: Permission denied (13) in /homepages/9/d325137455/htdocs/bourseauxvelos/Commun/connect.php on line 4
[15-Nov-2023 17:44:59 UTC] PHP Warning:  session_start(): Session cache limiter cannot be sent after headers have already been sent (output started at /homepages/9/d325137455/htdocs/bourseauxvelos/Commun/connect.php:4) in /homepages/9/d325137455/htdocs/bourseauxvelos/Commun/connect.php on line 4
[15-Nov-2023 19:33:52 UTC] PHP Notice:  session_start(): ps_files_cleanup_dir: opendir(/tmp/.priv) failed: Permission denied (13) in /homepages/9/d325137455/htdocs/bourseauxvelos/Commun/connect.php on line 4
[15-Nov-2023 19:33:52 UTC] PHP Warning:  session_start(): Session cache limiter cannot be sent after headers have already been sent (output started at /homepages/9/d325137455/htdocs/bourseauxvelos/Commun/connect.php:4) in /homepages/9/d325137455/htdocs/bourseauxvelos/Commun/connect.php on line 4
[15-Nov-2023 20:13:18 UTC] PHP Notice:  session_start(): ps_files_cleanup_dir: opendir(/tmp/.priv) failed: Permission denied (13) in /homepages/9/d325137455/htdocs/bourseauxvelos/Commun/connect.php on line 4
[15-Nov-2023 20:13:18 UTC] PHP Warning:  session_start(): Session cache limiter cannot be sent after headers have already been sent (output started at /homepages/9/d325137455/htdocs/bourseauxvelos/Commun/connect.php:4) in /homepages/9/d325137455/htdocs/bourseauxvelos/Commun/connect.php on line 4
[15-Nov-2023 22:03:10 UTC] PHP Notice:  session_start(): ps_files_cleanup_dir: opendir(/tmp/.priv) failed: Permission denied (13) in /homepages/9/d325137455/htdocs/bourseauxvelos/Commun/connect.php on line 4
[15-Nov-2023 22:03:10 UTC] PHP Warning:  session_start(): Session cache limiter cannot be sent after headers have already been sent (output started at /homepages/9/d325137455/htdocs/bourseauxvelos/Commun/connect.php:4) in /homepages/9/d325137455/htdocs/bourseauxvelos/Commun/connect.php on line 4
[16-Nov-2023 06:21:02 UTC] PHP Notice:  session_start(): ps_files_cleanup_dir: opendir(/tmp/.priv) failed: Permission denied (13) in /homepages/9/d325137455/htdocs/bourseauxvelos/Commun/connect.php on line 4
[16-Nov-2023 06:21:02 UTC] PHP Warning:  session_start(): Session cache limiter cannot be sent after headers have already been sent (output started at /homepages/9/d325137455/htdocs/bourseauxvelos/Commun/connect.php:4) in /homepages/9/d325137455/htdocs/bourseauxvelos/Commun/connect.php on line 4
[16-Nov-2023 08:50:50 UTC] PHP Notice:  session_start(): ps_files_cleanup_dir: opendir(/tmp/.priv) failed: Permission denied (13) in /homepages/9/d325137455/htdocs/bourseauxvelos/Commun/connect.php on line 4
[16-Nov-2023 08:50:50 UTC] PHP Warning:  session_start(): Session cache limiter cannot be sent after headers have already been sent (output started at /homepages/9/d325137455/htdocs/bourseauxvelos/Commun/connect.php:4) in /homepages/9/d325137455/htdocs/bourseauxvelos/Commun/connect.php on line 4
[16-Nov-2023 10:56:51 UTC] PHP Notice:  session_start(): ps_files_cleanup_dir: opendir(/tmp/.priv) failed: Permission denied (13) in /homepages/9/d325137455/htdocs/bourseauxvelos/Commun/connect.php on line 4
[16-Nov-2023 10:56:51 UTC] PHP Warning:  session_start(): Session cache limiter cannot be sent after headers have already been sent (output started at /homepages/9/d325137455/htdocs/bourseauxvelos/Commun/connect.php:4) in /homepages/9/d325137455/htdocs/bourseauxvelos/Commun/connect.php on line 4
[16-Nov-2023 11:22:03 UTC] PHP Notice:  session_start(): ps_files_cleanup_dir: opendir(/tmp/.priv) failed: Permission denied (13) in /homepages/9/d325137455/htdocs/bourseauxvelos/Commun/connect.php on line 4
[16-Nov-2023 11:22:03 UTC] PHP Warning:  session_start(): Session cache limiter cannot be sent after headers have already been sent (output started at /homepages/9/d325137455/htdocs/bourseauxvelos/Commun/connect.php:4) in /homepages/9/d325137455/htdocs/bourseauxvelos/Commun/connect.php on line 4
[16-Nov-2023 11:22:16 UTC] PHP Notice:  session_start(): ps_files_cleanup_dir: opendir(/tmp/.priv) failed: Permission denied (13) in /homepages/9/d325137455/htdocs/bourseauxvelos/Commun/connect.php on line 4
[16-Nov-2023 11:22:16 UTC] PHP Warning:  session_start(): Session cache limiter cannot be sent after headers have already been sent (output started at /homepages/9/d325137455/htdocs/bourseauxvelos/Commun/connect.php:4) in /homepages/9/d325137455/htdocs/bourseauxvelos/Commun/connect.php on line 4
[16-Nov-2023 15:05:50 UTC] PHP Notice:  session_start(): ps_files_cleanup_dir: opendir(/tmp/.priv) failed: Permission denied (13) in /homepages/9/d325137455/htdocs/bourseauxvelos/Commun/connect.php on line 4
[16-Nov-2023 15:05:50 UTC] PHP Warning:  session_start(): Session cache limiter cannot be sent after headers have already been sent (output started at /homepages/9/d325137455/htdocs/bourseauxvelos/Commun/connect.php:4) in /homepages/9/d325137455/htdocs/bourseauxvelos/Commun/connect.php on line 4
[16-Nov-2023 15:13:19 UTC] PHP Notice:  session_start(): ps_files_cleanup_dir: opendir(/tmp/.priv) failed: Permission denied (13) in /homepages/9/d325137455/htdocs/bourseauxvelos/Commun/connect.php on line 4
[16-Nov-2023 15:13:19 UTC] PHP Warning:  session_start(): Session cache limiter cannot be sent after headers have already been sent (output started at /homepages/9/d325137455/htdocs/bourseauxvelos/Commun/connect.php:4) in /homepages/9/d325137455/htdocs/bourseauxvelos/Commun/connect.php on line 4
[16-Nov-2023 15:56:43 UTC] PHP Notice:  session_start(): ps_files_cleanup_dir: opendir(/tmp/.priv) failed: Permission denied (13) in /homepages/9/d325137455/htdocs/bourseauxvelos/Commun/connect.php on line 4
[16-Nov-2023 15:56:43 UTC] PHP Warning:  session_start(): Session cache limiter cannot be sent after headers have already been sent (output started at /homepages/9/d325137455/htdocs/bourseauxvelos/Commun/connect.php:4) in /homepages/9/d325137455/htdocs/bourseauxvelos/Commun/connect.php on line 4
[16-Nov-2023 18:04:19 UTC] PHP Notice:  session_start(): ps_files_cleanup_dir: opendir(/tmp/.priv) failed: Permission denied (13) in /homepages/9/d325137455/htdocs/bourseauxvelos/Commun/connect.php on line 4
[16-Nov-2023 18:04:19 UTC] PHP Warning:  session_start(): Session cache limiter cannot be sent after headers have already been sent (output started at /homepages/9/d325137455/htdocs/bourseauxvelos/Commun/connect.php:4) in /homepages/9/d325137455/htdocs/bourseauxvelos/Commun/connect.php on line 4
[16-Nov-2023 19:56:06 UTC] PHP Notice:  session_start(): ps_files_cleanup_dir: opendir(/tmp/.priv) failed: Permission denied (13) in /homepages/9/d325137455/htdocs/bourseauxvelos/Commun/connect.php on line 4
[16-Nov-2023 19:56:06 UTC] PHP Warning:  session_start(): Session cache limiter cannot be sent after headers have already been sent (output started at /homepages/9/d325137455/htdocs/bourseauxvelos/Commun/connect.php:4) in /homepages/9/d325137455/htdocs/bourseauxvelos/Commun/connect.php on line 4
[17-Nov-2023 06:44:26 UTC] PHP Notice:  session_start(): ps_files_cleanup_dir: opendir(/tmp/.priv) failed: Permission denied (13) in /homepages/9/d325137455/htdocs/bourseauxvelos/Commun/connect.php on line 4
[17-Nov-2023 06:44:26 UTC] PHP Warning:  session_start(): Session cache limiter cannot be sent after headers have already been sent (output started at /homepages/9/d325137455/htdocs/bourseauxvelos/Commun/connect.php:4) in /homepages/9/d325137455/htdocs/bourseauxvelos/Commun/connect.php on line 4
[17-Nov-2023 06:51:29 UTC] PHP Notice:  session_start(): ps_files_cleanup_dir: opendir(/tmp/.priv) failed: Permission denied (13) in /homepages/9/d325137455/htdocs/bourseauxvelos/Commun/connect.php on line 4
[17-Nov-2023 06:51:29 UTC] PHP Warning:  session_start(): Session cache limiter cannot be sent after headers have already been sent (output started at /homepages/9/d325137455/htdocs/bourseauxvelos/Commun/connect.php:4) in /homepages/9/d325137455/htdocs/bourseauxvelos/Commun/connect.php on line 4
[17-Nov-2023 07:20:41 UTC] PHP Notice:  session_start(): ps_files_cleanup_dir: opendir(/tmp/.priv) failed: Permission denied (13) in /homepages/9/d325137455/htdocs/bourseauxvelos/Commun/connect.php on line 4
[17-Nov-2023 07:20:41 UTC] PHP Warning:  session_start(): Session cache limiter cannot be sent after headers have already been sent (output started at /homepages/9/d325137455/htdocs/bourseauxvelos/Commun/connect.php:4) in /homepages/9/d325137455/htdocs/bourseauxvelos/Commun/connect.php on line 4
[17-Nov-2023 08:48:26 UTC] PHP Notice:  session_start(): ps_files_cleanup_dir: opendir(/tmp/.priv) failed: Permission denied (13) in /homepages/9/d325137455/htdocs/bourseauxvelos/Commun/connect.php on line 4
[17-Nov-2023 08:48:26 UTC] PHP Warning:  session_start(): Session cache limiter cannot be sent after headers have already been sent (output started at /homepages/9/d325137455/htdocs/bourseauxvelos/Commun/connect.php:4) in /homepages/9/d325137455/htdocs/bourseauxvelos/Commun/connect.php on line 4
[17-Nov-2023 10:12:30 UTC] PHP Notice:  session_start(): ps_files_cleanup_dir: opendir(/tmp/.priv) failed: Permission denied (13) in /homepages/9/d325137455/htdocs/bourseauxvelos/Commun/connect.php on line 4
[17-Nov-2023 10:12:30 UTC] PHP Warning:  session_start(): Session cache limiter cannot be sent after headers have already been sent (output started at /homepages/9/d325137455/htdocs/bourseauxvelos/Commun/connect.php:4) in /homepages/9/d325137455/htdocs/bourseauxvelos/Commun/connect.php on line 4
[17-Nov-2023 10:45:24 UTC] PHP Notice:  session_start(): ps_files_cleanup_dir: opendir(/tmp/.priv) failed: Permission denied (13) in /homepages/9/d325137455/htdocs/bourseauxvelos/Commun/connect.php on line 4
[17-Nov-2023 10:45:24 UTC] PHP Warning:  session_start(): Session cache limiter cannot be sent after headers have already been sent (output started at /homepages/9/d325137455/htdocs/bourseauxvelos/Commun/connect.php:4) in /homepages/9/d325137455/htdocs/bourseauxvelos/Commun/connect.php on line 4
[17-Nov-2023 11:52:29 UTC] PHP Notice:  session_start(): ps_files_cleanup_dir: opendir(/tmp/.priv) failed: Permission denied (13) in /homepages/9/d325137455/htdocs/bourseauxvelos/Commun/connect.php on line 4
[17-Nov-2023 11:52:29 UTC] PHP Warning:  session_start(): Session cache limiter cannot be sent after headers have already been sent (output started at /homepages/9/d325137455/htdocs/bourseauxvelos/Commun/connect.php:4) in /homepages/9/d325137455/htdocs/bourseauxvelos/Commun/connect.php on line 4
[17-Nov-2023 12:00:19 UTC] PHP Notice:  session_start(): ps_files_cleanup_dir: opendir(/tmp/.priv) failed: Permission denied (13) in /homepages/9/d325137455/htdocs/bourseauxvelos/Commun/connect.php on line 4
[17-Nov-2023 12:00:19 UTC] PHP Warning:  session_start(): Session cache limiter cannot be sent after headers have already been sent (output started at /homepages/9/d325137455/htdocs/bourseauxvelos/Commun/connect.php:4) in /homepages/9/d325137455/htdocs/bourseauxvelos/Commun/connect.php on line 4
[17-Nov-2023 13:53:32 UTC] PHP Notice:  session_start(): ps_files_cleanup_dir: opendir(/tmp/.priv) failed: Permission denied (13) in /homepages/9/d325137455/htdocs/bourseauxvelos/Commun/connect.php on line 4
[17-Nov-2023 13:53:32 UTC] PHP Warning:  session_start(): Session cache limiter cannot be sent after headers have already been sent (output started at /homepages/9/d325137455/htdocs/bourseauxvelos/Commun/connect.php:4) in /homepages/9/d325137455/htdocs/bourseauxvelos/Commun/connect.php on line 4
[17-Nov-2023 14:13:29 UTC] PHP Notice:  session_start(): ps_files_cleanup_dir: opendir(/tmp/.priv) failed: Permission denied (13) in /homepages/9/d325137455/htdocs/bourseauxvelos/Commun/connect.php on line 4
[17-Nov-2023 14:13:29 UTC] PHP Warning:  session_start(): Session cache limiter cannot be sent after headers have already been sent (output started at /homepages/9/d325137455/htdocs/bourseauxvelos/Commun/connect.php:4) in /homepages/9/d325137455/htdocs/bourseauxvelos/Commun/connect.php on line 4
[17-Nov-2023 14:23:07 UTC] PHP Notice:  session_start(): ps_files_cleanup_dir: opendir(/tmp/.priv) failed: Permission denied (13) in /homepages/9/d325137455/htdocs/bourseauxvelos/Commun/connect.php on line 4
[17-Nov-2023 14:23:07 UTC] PHP Warning:  session_start(): Session cache limiter cannot be sent after headers have already been sent (output started at /homepages/9/d325137455/htdocs/bourseauxvelos/Commun/connect.php:4) in /homepages/9/d325137455/htdocs/bourseauxvelos/Commun/connect.php on line 4
[17-Nov-2023 14:37:31 UTC] PHP Notice:  session_start(): ps_files_cleanup_dir: opendir(/tmp/.priv) failed: Permission denied (13) in /homepages/9/d325137455/htdocs/bourseauxvelos/Commun/connect.php on line 4
[17-Nov-2023 14:37:31 UTC] PHP Warning:  session_start(): Session cache limiter cannot be sent after headers have already been sent (output started at /homepages/9/d325137455/htdocs/bourseauxvelos/Commun/connect.php:4) in /homepages/9/d325137455/htdocs/bourseauxvelos/Commun/connect.php on line 4
[17-Nov-2023 14:52:18 UTC] PHP Notice:  session_start(): ps_files_cleanup_dir: opendir(/tmp/.priv) failed: Permission denied (13) in /homepages/9/d325137455/htdocs/bourseauxvelos/Commun/connect.php on line 4
[17-Nov-2023 14:52:18 UTC] PHP Warning:  session_start(): Session cache limiter cannot be sent after headers have already been sent (output started at /homepages/9/d325137455/htdocs/bourseauxvelos/Commun/connect.php:4) in /homepages/9/d325137455/htdocs/bourseauxvelos/Commun/connect.php on line 4
[17-Nov-2023 15:39:08 UTC] PHP Notice:  session_start(): ps_files_cleanup_dir: opendir(/tmp/.priv) failed: Permission denied (13) in /homepages/9/d325137455/htdocs/bourseauxvelos/Commun/connect.php on line 4
[17-Nov-2023 15:39:08 UTC] PHP Warning:  session_start(): Session cache limiter cannot be sent after headers have already been sent (output started at /homepages/9/d325137455/htdocs/bourseauxvelos/Commun/connect.php:4) in /homepages/9/d325137455/htdocs/bourseauxvelos/Commun/connect.php on line 4
[17-Nov-2023 15:39:10 UTC] PHP Notice:  session_start(): ps_files_cleanup_dir: opendir(/tmp/.priv) failed: Permission denied (13) in /homepages/9/d325137455/htdocs/bourseauxvelos/Commun/connect.php on line 4
[17-Nov-2023 15:39:10 UTC] PHP Warning:  session_start(): Session cache limiter cannot be sent after headers have already been sent (output started at /homepages/9/d325137455/htdocs/bourseauxvelos/Commun/connect.php:4) in /homepages/9/d325137455/htdocs/bourseauxvelos/Commun/connect.php on line 4
[17-Nov-2023 16:11:31 UTC] PHP Notice:  session_start(): ps_files_cleanup_dir: opendir(/tmp/.priv) failed: Permission denied (13) in /homepages/9/d325137455/htdocs/bourseauxvelos/Commun/connect.php on line 4
[17-Nov-2023 16:11:31 UTC] PHP Warning:  session_start(): Session cache limiter cannot be sent after headers have already been sent (output started at /homepages/9/d325137455/htdocs/bourseauxvelos/Commun/connect.php:4) in /homepages/9/d325137455/htdocs/bourseauxvelos/Commun/connect.php on line 4
[17-Nov-2023 16:20:23 UTC] PHP Notice:  session_start(): ps_files_cleanup_dir: opendir(/tmp/.priv) failed: Permission denied (13) in /homepages/9/d325137455/htdocs/bourseauxvelos/Commun/connect.php on line 4
[17-Nov-2023 16:20:23 UTC] PHP Warning:  session_start(): Session cache limiter cannot be sent after headers have already been sent (output started at /homepages/9/d325137455/htdocs/bourseauxvelos/Commun/connect.php:4) in /homepages/9/d325137455/htdocs/bourseauxvelos/Commun/connect.php on line 4
[17-Nov-2023 16:21:58 UTC] PHP Notice:  session_start(): ps_files_cleanup_dir: opendir(/tmp/.priv) failed: Permission denied (13) in /homepages/9/d325137455/htdocs/bourseauxvelos/Commun/connect.php on line 4
[17-Nov-2023 16:21:58 UTC] PHP Warning:  session_start(): Session cache limiter cannot be sent after headers have already been sent (output started at /homepages/9/d325137455/htdocs/bourseauxvelos/Commun/connect.php:4) in /homepages/9/d325137455/htdocs/bourseauxvelos/Commun/connect.php on line 4
[17-Nov-2023 16:30:05 UTC] PHP Notice:  session_start(): ps_files_cleanup_dir: opendir(/tmp/.priv) failed: Permission denied (13) in /homepages/9/d325137455/htdocs/bourseauxvelos/Commun/connect.php on line 4
[17-Nov-2023 16:30:05 UTC] PHP Warning:  session_start(): Session cache limiter cannot be sent after headers have already been sent (output started at /homepages/9/d325137455/htdocs/bourseauxvelos/Commun/connect.php:4) in /homepages/9/d325137455/htdocs/bourseauxvelos/Commun/connect.php on line 4
[17-Nov-2023 16:32:32 UTC] PHP Notice:  session_start(): ps_files_cleanup_dir: opendir(/tmp/.priv) failed: Permission denied (13) in /homepages/9/d325137455/htdocs/bourseauxvelos/Commun/connect.php on line 4
[17-Nov-2023 16:32:32 UTC] PHP Warning:  session_start(): Session cache limiter cannot be sent after headers have already been sent (output started at /homepages/9/d325137455/htdocs/bourseauxvelos/Commun/connect.php:4) in /homepages/9/d325137455/htdocs/bourseauxvelos/Commun/connect.php on line 4
[17-Nov-2023 16:52:54 UTC] PHP Notice:  session_start(): ps_files_cleanup_dir: opendir(/tmp/.priv) failed: Permission denied (13) in /homepages/9/d325137455/htdocs/bourseauxvelos/Commun/connect.php on line 4
[17-Nov-2023 16:52:54 UTC] PHP Warning:  session_start(): Session cache limiter cannot be sent after headers have already been sent (output started at /homepages/9/d325137455/htdocs/bourseauxvelos/Commun/connect.php:4) in /homepages/9/d325137455/htdocs/bourseauxvelos/Commun/connect.php on line 4
[17-Nov-2023 17:11:35 UTC] PHP Notice:  session_start(): ps_files_cleanup_dir: opendir(/tmp/.priv) failed: Permission denied (13) in /homepages/9/d325137455/htdocs/bourseauxvelos/Commun/connect.php on line 4
[17-Nov-2023 17:11:35 UTC] PHP Warning:  session_start(): Session cache limiter cannot be sent after headers have already been sent (output started at /homepages/9/d325137455/htdocs/bourseauxvelos/Commun/connect.php:4) in /homepages/9/d325137455/htdocs/bourseauxvelos/Commun/connect.php on line 4
[17-Nov-2023 17:27:32 UTC] PHP Notice:  session_start(): ps_files_cleanup_dir: opendir(/tmp/.priv) failed: Permission denied (13) in /homepages/9/d325137455/htdocs/bourseauxvelos/Commun/connect.php on line 4
[17-Nov-2023 17:27:32 UTC] PHP Warning:  session_start(): Session cache limiter cannot be sent after headers have already been sent (output started at /homepages/9/d325137455/htdocs/bourseauxvelos/Commun/connect.php:4) in /homepages/9/d325137455/htdocs/bourseauxvelos/Commun/connect.php on line 4
[17-Nov-2023 17:38:00 UTC] PHP Notice:  session_start(): ps_files_cleanup_dir: opendir(/tmp/.priv) failed: Permission denied (13) in /homepages/9/d325137455/htdocs/bourseauxvelos/Commun/connect.php on line 4
[17-Nov-2023 17:38:00 UTC] PHP Warning:  session_start(): Session cache limiter cannot be sent after headers have already been sent (output started at /homepages/9/d325137455/htdocs/bourseauxvelos/Commun/connect.php:4) in /homepages/9/d325137455/htdocs/bourseauxvelos/Commun/connect.php on line 4
[17-Nov-2023 17:42:52 UTC] PHP Notice:  session_start(): ps_files_cleanup_dir: opendir(/tmp/.priv) failed: Permission denied (13) in /homepages/9/d325137455/htdocs/bourseauxvelos/Commun/connect.php on line 4
[17-Nov-2023 17:42:52 UTC] PHP Warning:  session_start(): Session cache limiter cannot be sent after headers have already been sent (output started at /homepages/9/d325137455/htdocs/bourseauxvelos/Commun/connect.php:4) in /homepages/9/d325137455/htdocs/bourseauxvelos/Commun/connect.php on line 4
[17-Nov-2023 17:49:34 UTC] PHP Notice:  session_start(): ps_files_cleanup_dir: opendir(/tmp/.priv) failed: Permission denied (13) in /homepages/9/d325137455/htdocs/bourseauxvelos/Commun/connect.php on line 4
[17-Nov-2023 17:49:34 UTC] PHP Warning:  session_start(): Session cache limiter cannot be sent after headers have already been sent (output started at /homepages/9/d325137455/htdocs/bourseauxvelos/Commun/connect.php:4) in /homepages/9/d325137455/htdocs/bourseauxvelos/Commun/connect.php on line 4
[17-Nov-2023 18:10:53 UTC] PHP Notice:  session_start(): ps_files_cleanup_dir: opendir(/tmp/.priv) failed: Permission denied (13) in /homepages/9/d325137455/htdocs/bourseauxvelos/Commun/connect.php on line 4
[17-Nov-2023 18:10:53 UTC] PHP Warning:  session_start(): Session cache limiter cannot be sent after headers have already been sent (output started at /homepages/9/d325137455/htdocs/bourseauxvelos/Commun/connect.php:4) in /homepages/9/d325137455/htdocs/bourseauxvelos/Commun/connect.php on line 4
[17-Nov-2023 19:28:55 UTC] PHP Notice:  session_start(): ps_files_cleanup_dir: opendir(/tmp/.priv) failed: Permission denied (13) in /homepages/9/d325137455/htdocs/bourseauxvelos/Commun/connect.php on line 4
[17-Nov-2023 19:28:55 UTC] PHP Warning:  session_start(): Session cache limiter cannot be sent after headers have already been sent (output started at /homepages/9/d325137455/htdocs/bourseauxvelos/Commun/connect.php:4) in /homepages/9/d325137455/htdocs/bourseauxvelos/Commun/connect.php on line 4
[17-Nov-2023 22:28:33 UTC] PHP Notice:  session_start(): ps_files_cleanup_dir: opendir(/tmp/.priv) failed: Permission denied (13) in /homepages/9/d325137455/htdocs/bourseauxvelos/Commun/connect.php on line 4
[17-Nov-2023 22:28:33 UTC] PHP Warning:  session_start(): Session cache limiter cannot be sent after headers have already been sent (output started at /homepages/9/d325137455/htdocs/bourseauxvelos/Commun/connect.php:4) in /homepages/9/d325137455/htdocs/bourseauxvelos/Commun/connect.php on line 4
[18-Nov-2023 07:01:46 UTC] PHP Notice:  session_start(): ps_files_cleanup_dir: opendir(/tmp/.priv) failed: Permission denied (13) in /homepages/9/d325137455/htdocs/bourseauxvelos/Commun/connect.php on line 4
[18-Nov-2023 07:01:46 UTC] PHP Warning:  session_start(): Session cache limiter cannot be sent after headers have already been sent (output started at /homepages/9/d325137455/htdocs/bourseauxvelos/Commun/connect.php:4) in /homepages/9/d325137455/htdocs/bourseauxvelos/Commun/connect.php on line 4
[18-Nov-2023 07:09:07 UTC] PHP Notice:  session_start(): ps_files_cleanup_dir: opendir(/tmp/.priv) failed: Permission denied (13) in /homepages/9/d325137455/htdocs/bourseauxvelos/Commun/connect.php on line 4
[18-Nov-2023 07:09:07 UTC] PHP Warning:  session_start(): Session cache limiter cannot be sent after headers have already been sent (output started at /homepages/9/d325137455/htdocs/bourseauxvelos/Commun/connect.php:4) in /homepages/9/d325137455/htdocs/bourseauxvelos/Commun/connect.php on line 4
[18-Nov-2023 07:50:15 UTC] PHP Notice:  session_start(): ps_files_cleanup_dir: opendir(/tmp/.priv) failed: Permission denied (13) in /homepages/9/d325137455/htdocs/bourseauxvelos/Commun/connect.php on line 4
[18-Nov-2023 07:50:15 UTC] PHP Warning:  session_start(): Session cache limiter cannot be sent after headers have already been sent (output started at /homepages/9/d325137455/htdocs/bourseauxvelos/Commun/connect.php:4) in /homepages/9/d325137455/htdocs/bourseauxvelos/Commun/connect.php on line 4
[18-Nov-2023 08:22:49 UTC] PHP Notice:  session_start(): ps_files_cleanup_dir: opendir(/tmp/.priv) failed: Permission denied (13) in /homepages/9/d325137455/htdocs/bourseauxvelos/Commun/connect.php on line 4
[18-Nov-2023 08:22:49 UTC] PHP Warning:  session_start(): Session cache limiter cannot be sent after headers have already been sent (output started at /homepages/9/d325137455/htdocs/bourseauxvelos/Commun/connect.php:4) in /homepages/9/d325137455/htdocs/bourseauxvelos/Commun/connect.php on line 4
[18-Nov-2023 08:26:27 UTC] PHP Notice:  session_start(): ps_files_cleanup_dir: opendir(/tmp/.priv) failed: Permission denied (13) in /homepages/9/d325137455/htdocs/bourseauxvelos/Commun/connect.php on line 4
[18-Nov-2023 08:26:27 UTC] PHP Warning:  session_start(): Session cache limiter cannot be sent after headers have already been sent (output started at /homepages/9/d325137455/htdocs/bourseauxvelos/Commun/connect.php:4) in /homepages/9/d325137455/htdocs/bourseauxvelos/Commun/connect.php on line 4
[18-Nov-2023 08:29:21 UTC] PHP Notice:  session_start(): ps_files_cleanup_dir: opendir(/tmp/.priv) failed: Permission denied (13) in /homepages/9/d325137455/htdocs/bourseauxvelos/Commun/connect.php on line 4
[18-Nov-2023 08:29:21 UTC] PHP Warning:  session_start(): Session cache limiter cannot be sent after headers have already been sent (output started at /homepages/9/d325137455/htdocs/bourseauxvelos/Commun/connect.php:4) in /homepages/9/d325137455/htdocs/bourseauxvelos/Commun/connect.php on line 4
[18-Nov-2023 08:33:07 UTC] PHP Notice:  session_start(): ps_files_cleanup_dir: opendir(/tmp/.priv) failed: Permission denied (13) in /homepages/9/d325137455/htdocs/bourseauxvelos/Commun/connect.php on line 4
[18-Nov-2023 08:33:07 UTC] PHP Warning:  session_start(): Session cache limiter cannot be sent after headers have already been sent (output started at /homepages/9/d325137455/htdocs/bourseauxvelos/Commun/connect.php:4) in /homepages/9/d325137455/htdocs/bourseauxvelos/Commun/connect.php on line 4
[18-Nov-2023 08:50:00 UTC] PHP Notice:  session_start(): ps_files_cleanup_dir: opendir(/tmp/.priv) failed: Permission denied (13) in /homepages/9/d325137455/htdocs/bourseauxvelos/Commun/connect.php on line 4
[18-Nov-2023 08:50:00 UTC] PHP Warning:  session_start(): Session cache limiter cannot be sent after headers have already been sent (output started at /homepages/9/d325137455/htdocs/bourseauxvelos/Commun/connect.php:4) in /homepages/9/d325137455/htdocs/bourseauxvelos/Commun/connect.php on line 4
[18-Nov-2023 09:09:31 UTC] PHP Notice:  session_start(): ps_files_cleanup_dir: opendir(/tmp/.priv) failed: Permission denied (13) in /homepages/9/d325137455/htdocs/bourseauxvelos/Commun/connect.php on line 4
[18-Nov-2023 09:09:31 UTC] PHP Warning:  session_start(): Session cache limiter cannot be sent after headers have already been sent (output started at /homepages/9/d325137455/htdocs/bourseauxvelos/Commun/connect.php:4) in /homepages/9/d325137455/htdocs/bourseauxvelos/Commun/connect.php on line 4
[18-Nov-2023 09:11:44 UTC] PHP Notice:  session_start(): ps_files_cleanup_dir: opendir(/tmp/.priv) failed: Permission denied (13) in /homepages/9/d325137455/htdocs/bourseauxvelos/Commun/connect.php on line 4
[18-Nov-2023 09:11:44 UTC] PHP Warning:  session_start(): Session cache limiter cannot be sent after headers have already been sent (output started at /homepages/9/d325137455/htdocs/bourseauxvelos/Commun/connect.php:4) in /homepages/9/d325137455/htdocs/bourseauxvelos/Commun/connect.php on line 4
[18-Nov-2023 09:13:21 UTC] PHP Notice:  session_start(): ps_files_cleanup_dir: opendir(/tmp/.priv) failed: Permission denied (13) in /homepages/9/d325137455/htdocs/bourseauxvelos/Commun/connect.php on line 4
[18-Nov-2023 09:13:21 UTC] PHP Warning:  session_start(): Session cache limiter cannot be sent after headers have already been sent (output started at /homepages/9/d325137455/htdocs/bourseauxvelos/Commun/connect.php:4) in /homepages/9/d325137455/htdocs/bourseauxvelos/Commun/connect.php on line 4
[18-Nov-2023 09:36:54 UTC] PHP Notice:  session_start(): ps_files_cleanup_dir: opendir(/tmp/.priv) failed: Permission denied (13) in /homepages/9/d325137455/htdocs/bourseauxvelos/Commun/connect.php on line 4
[18-Nov-2023 09:36:54 UTC] PHP Warning:  session_start(): Session cache limiter cannot be sent after headers have already been sent (output started at /homepages/9/d325137455/htdocs/bourseauxvelos/Commun/connect.php:4) in /homepages/9/d325137455/htdocs/bourseauxvelos/Commun/connect.php on line 4
[18-Nov-2023 09:47:33 UTC] PHP Notice:  session_start(): ps_files_cleanup_dir: opendir(/tmp/.priv) failed: Permission denied (13) in /homepages/9/d325137455/htdocs/bourseauxvelos/Commun/connect.php on line 4
[18-Nov-2023 09:47:33 UTC] PHP Warning:  session_start(): Session cache limiter cannot be sent after headers have already been sent (output started at /homepages/9/d325137455/htdocs/bourseauxvelos/Commun/connect.php:4) in /homepages/9/d325137455/htdocs/bourseauxvelos/Commun/connect.php on line 4
[18-Nov-2023 10:00:48 UTC] PHP Notice:  session_start(): ps_files_cleanup_dir: opendir(/tmp/.priv) failed: Permission denied (13) in /homepages/9/d325137455/htdocs/bourseauxvelos/Commun/connect.php on line 4
[18-Nov-2023 10:00:48 UTC] PHP Warning:  session_start(): Session cache limiter cannot be sent after headers have already been sent (output started at /homepages/9/d325137455/htdocs/bourseauxvelos/Commun/connect.php:4) in /homepages/9/d325137455/htdocs/bourseauxvelos/Commun/connect.php on line 4
[18-Nov-2023 10:04:34 UTC] PHP Notice:  session_start(): ps_files_cleanup_dir: opendir(/tmp/.priv) failed: Permission denied (13) in /homepages/9/d325137455/htdocs/bourseauxvelos/Commun/connect.php on line 4
[18-Nov-2023 10:04:34 UTC] PHP Warning:  session_start(): Session cache limiter cannot be sent after headers have already been sent (output started at /homepages/9/d325137455/htdocs/bourseauxvelos/Commun/connect.php:4) in /homepages/9/d325137455/htdocs/bourseauxvelos/Commun/connect.php on line 4
[18-Nov-2023 10:06:08 UTC] PHP Notice:  session_start(): ps_files_cleanup_dir: opendir(/tmp/.priv) failed: Permission denied (13) in /homepages/9/d325137455/htdocs/bourseauxvelos/Commun/connect.php on line 4
[18-Nov-2023 10:06:08 UTC] PHP Warning:  session_start(): Session cache limiter cannot be sent after headers have already been sent (output started at /homepages/9/d325137455/htdocs/bourseauxvelos/Commun/connect.php:4) in /homepages/9/d325137455/htdocs/bourseauxvelos/Commun/connect.php on line 4
[18-Nov-2023 10:29:18 UTC] PHP Notice:  session_start(): ps_files_cleanup_dir: opendir(/tmp/.priv) failed: Permission denied (13) in /homepages/9/d325137455/htdocs/bourseauxvelos/Commun/connect.php on line 4
[18-Nov-2023 10:29:18 UTC] PHP Warning:  session_start(): Session cache limiter cannot be sent after headers have already been sent (output started at /homepages/9/d325137455/htdocs/bourseauxvelos/Commun/connect.php:4) in /homepages/9/d325137455/htdocs/bourseauxvelos/Commun/connect.php on line 4
[18-Nov-2023 10:39:08 UTC] PHP Notice:  session_start(): ps_files_cleanup_dir: opendir(/tmp/.priv) failed: Permission denied (13) in /homepages/9/d325137455/htdocs/bourseauxvelos/Commun/connect.php on line 4
[18-Nov-2023 10:39:08 UTC] PHP Warning:  session_start(): Session cache limiter cannot be sent after headers have already been sent (output started at /homepages/9/d325137455/htdocs/bourseauxvelos/Commun/connect.php:4) in /homepages/9/d325137455/htdocs/bourseauxvelos/Commun/connect.php on line 4
[18-Nov-2023 10:39:56 UTC] PHP Notice:  session_start(): ps_files_cleanup_dir: opendir(/tmp/.priv) failed: Permission denied (13) in /homepages/9/d325137455/htdocs/bourseauxvelos/Commun/connect.php on line 4
[18-Nov-2023 10:39:56 UTC] PHP Warning:  session_start(): Session cache limiter cannot be sent after headers have already been sent (output started at /homepages/9/d325137455/htdocs/bourseauxvelos/Commun/connect.php:4) in /homepages/9/d325137455/htdocs/bourseauxvelos/Commun/connect.php on line 4
[18-Nov-2023 10:43:21 UTC] PHP Notice:  session_start(): ps_files_cleanup_dir: opendir(/tmp/.priv) failed: Permission denied (13) in /homepages/9/d325137455/htdocs/bourseauxvelos/Commun/connect.php on line 4
[18-Nov-2023 10:43:21 UTC] PHP Warning:  session_start(): Session cache limiter cannot be sent after headers have already been sent (output started at /homepages/9/d325137455/htdocs/bourseauxvelos/Commun/connect.php:4) in /homepages/9/d325137455/htdocs/bourseauxvelos/Commun/connect.php on line 4
[18-Nov-2023 11:04:17 UTC] PHP Notice:  session_start(): ps_files_cleanup_dir: opendir(/tmp/.priv) failed: Permission denied (13) in /homepages/9/d325137455/htdocs/bourseauxvelos/Commun/connect.php on line 4
[18-Nov-2023 11:04:17 UTC] PHP Warning:  session_start(): Session cache limiter cannot be sent after headers have already been sent (output started at /homepages/9/d325137455/htdocs/bourseauxvelos/Commun/connect.php:4) in /homepages/9/d325137455/htdocs/bourseauxvelos/Commun/connect.php on line 4
[18-Nov-2023 11:32:21 UTC] PHP Notice:  session_start(): ps_files_cleanup_dir: opendir(/tmp/.priv) failed: Permission denied (13) in /homepages/9/d325137455/htdocs/bourseauxvelos/Commun/connect.php on line 4
[18-Nov-2023 11:32:21 UTC] PHP Warning:  session_start(): Session cache limiter cannot be sent after headers have already been sent (output started at /homepages/9/d325137455/htdocs/bourseauxvelos/Commun/connect.php:4) in /homepages/9/d325137455/htdocs/bourseauxvelos/Commun/connect.php on line 4
[18-Nov-2023 11:37:54 UTC] PHP Notice:  session_start(): ps_files_cleanup_dir: opendir(/tmp/.priv) failed: Permission denied (13) in /homepages/9/d325137455/htdocs/bourseauxvelos/Commun/connect.php on line 4
[18-Nov-2023 11:37:54 UTC] PHP Warning:  session_start(): Session cache limiter cannot be sent after headers have already been sent (output started at /homepages/9/d325137455/htdocs/bourseauxvelos/Commun/connect.php:4) in /homepages/9/d325137455/htdocs/bourseauxvelos/Commun/connect.php on line 4
[18-Nov-2023 11:42:36 UTC] PHP Notice:  session_start(): ps_files_cleanup_dir: opendir(/tmp/.priv) failed: Permission denied (13) in /homepages/9/d325137455/htdocs/bourseauxvelos/Commun/connect.php on line 4
[18-Nov-2023 11:42:36 UTC] PHP Warning:  session_start(): Session cache limiter cannot be sent after headers have already been sent (output started at /homepages/9/d325137455/htdocs/bourseauxvelos/Commun/connect.php:4) in /homepages/9/d325137455/htdocs/bourseauxvelos/Commun/connect.php on line 4
[18-Nov-2023 11:54:17 UTC] PHP Notice:  session_start(): ps_files_cleanup_dir: opendir(/tmp/.priv) failed: Permission denied (13) in /homepages/9/d325137455/htdocs/bourseauxvelos/Commun/connect.php on line 4
[18-Nov-2023 11:54:17 UTC] PHP Warning:  session_start(): Session cache limiter cannot be sent after headers have already been sent (output started at /homepages/9/d325137455/htdocs/bourseauxvelos/Commun/connect.php:4) in /homepages/9/d325137455/htdocs/bourseauxvelos/Commun/connect.php on line 4
[18-Nov-2023 12:11:59 UTC] PHP Notice:  session_start(): ps_files_cleanup_dir: opendir(/tmp/.priv) failed: Permission denied (13) in /homepages/9/d325137455/htdocs/bourseauxvelos/Commun/connect.php on line 4
[18-Nov-2023 12:11:59 UTC] PHP Warning:  session_start(): Session cache limiter cannot be sent after headers have already been sent (output started at /homepages/9/d325137455/htdocs/bourseauxvelos/Commun/connect.php:4) in /homepages/9/d325137455/htdocs/bourseauxvelos/Commun/connect.php on line 4
[18-Nov-2023 12:15:56 UTC] PHP Notice:  session_start(): ps_files_cleanup_dir: opendir(/tmp/.priv) failed: Permission denied (13) in /homepages/9/d325137455/htdocs/bourseauxvelos/Commun/connect.php on line 4
[18-Nov-2023 12:15:56 UTC] PHP Warning:  session_start(): Session cache limiter cannot be sent after headers have already been sent (output started at /homepages/9/d325137455/htdocs/bourseauxvelos/Commun/connect.php:4) in /homepages/9/d325137455/htdocs/bourseauxvelos/Commun/connect.php on line 4
[18-Nov-2023 12:16:56 UTC] PHP Notice:  session_start(): ps_files_cleanup_dir: opendir(/tmp/.priv) failed: Permission denied (13) in /homepages/9/d325137455/htdocs/bourseauxvelos/Commun/connect.php on line 4
[18-Nov-2023 12:16:56 UTC] PHP Warning:  session_start(): Session cache limiter cannot be sent after headers have already been sent (output started at /homepages/9/d325137455/htdocs/bourseauxvelos/Commun/connect.php:4) in /homepages/9/d325137455/htdocs/bourseauxvelos/Commun/connect.php on line 4
[18-Nov-2023 13:11:43 UTC] PHP Notice:  session_start(): ps_files_cleanup_dir: opendir(/tmp/.priv) failed: Permission denied (13) in /homepages/9/d325137455/htdocs/bourseauxvelos/Commun/connect.php on line 4
[18-Nov-2023 13:11:43 UTC] PHP Warning:  session_start(): Session cache limiter cannot be sent after headers have already been sent (output started at /homepages/9/d325137455/htdocs/bourseauxvelos/Commun/connect.php:4) in /homepages/9/d325137455/htdocs/bourseauxvelos/Commun/connect.php on line 4
[18-Nov-2023 13:21:33 UTC] PHP Notice:  session_start(): ps_files_cleanup_dir: opendir(/tmp/.priv) failed: Permission denied (13) in /homepages/9/d325137455/htdocs/bourseauxvelos/Commun/connect.php on line 4
[18-Nov-2023 13:21:33 UTC] PHP Warning:  session_start(): Session cache limiter cannot be sent after headers have already been sent (output started at /homepages/9/d325137455/htdocs/bourseauxvelos/Commun/connect.php:4) in /homepages/9/d325137455/htdocs/bourseauxvelos/Commun/connect.php on line 4
[18-Nov-2023 13:47:39 UTC] PHP Notice:  session_start(): ps_files_cleanup_dir: opendir(/tmp/.priv) failed: Permission denied (13) in /homepages/9/d325137455/htdocs/bourseauxvelos/Commun/connect.php on line 4
[18-Nov-2023 13:47:39 UTC] PHP Warning:  session_start(): Session cache limiter cannot be sent after headers have already been sent (output started at /homepages/9/d325137455/htdocs/bourseauxvelos/Commun/connect.php:4) in /homepages/9/d325137455/htdocs/bourseauxvelos/Commun/connect.php on line 4
[18-Nov-2023 14:25:01 UTC] PHP Notice:  session_start(): ps_files_cleanup_dir: opendir(/tmp/.priv) failed: Permission denied (13) in /homepages/9/d325137455/htdocs/bourseauxvelos/Commun/connect.php on line 4
[18-Nov-2023 14:25:01 UTC] PHP Warning:  session_start(): Session cache limiter cannot be sent after headers have already been sent (output started at /homepages/9/d325137455/htdocs/bourseauxvelos/Commun/connect.php:4) in /homepages/9/d325137455/htdocs/bourseauxvelos/Commun/connect.php on line 4
[18-Nov-2023 14:27:11 UTC] PHP Notice:  session_start(): ps_files_cleanup_dir: opendir(/tmp/.priv) failed: Permission denied (13) in /homepages/9/d325137455/htdocs/bourseauxvelos/Commun/connect.php on line 4
[18-Nov-2023 14:27:11 UTC] PHP Warning:  session_start(): Session cache limiter cannot be sent after headers have already been sent (output started at /homepages/9/d325137455/htdocs/bourseauxvelos/Commun/connect.php:4) in /homepages/9/d325137455/htdocs/bourseauxvelos/Commun/connect.php on line 4
[18-Nov-2023 15:09:36 UTC] PHP Notice:  session_start(): ps_files_cleanup_dir: opendir(/tmp/.priv) failed: Permission denied (13) in /homepages/9/d325137455/htdocs/bourseauxvelos/Commun/connect.php on line 4
[18-Nov-2023 15:09:36 UTC] PHP Warning:  session_start(): Session cache limiter cannot be sent after headers have already been sent (output started at /homepages/9/d325137455/htdocs/bourseauxvelos/Commun/connect.php:4) in /homepages/9/d325137455/htdocs/bourseauxvelos/Commun/connect.php on line 4
[18-Nov-2023 15:16:30 UTC] PHP Notice:  session_start(): ps_files_cleanup_dir: opendir(/tmp/.priv) failed: Permission denied (13) in /homepages/9/d325137455/htdocs/bourseauxvelos/Commun/connect.php on line 4
[18-Nov-2023 15:16:30 UTC] PHP Warning:  session_start(): Session cache limiter cannot be sent after headers have already been sent (output started at /homepages/9/d325137455/htdocs/bourseauxvelos/Commun/connect.php:4) in /homepages/9/d325137455/htdocs/bourseauxvelos/Commun/connect.php on line 4
[18-Nov-2023 15:20:05 UTC] PHP Notice:  session_start(): ps_files_cleanup_dir: opendir(/tmp/.priv) failed: Permission denied (13) in /homepages/9/d325137455/htdocs/bourseauxvelos/Commun/connect.php on line 4
[18-Nov-2023 15:20:05 UTC] PHP Warning:  session_start(): Session cache limiter cannot be sent after headers have already been sent (output started at /homepages/9/d325137455/htdocs/bourseauxvelos/Commun/connect.php:4) in /homepages/9/d325137455/htdocs/bourseauxvelos/Commun/connect.php on line 4
[18-Nov-2023 15:21:44 UTC] PHP Notice:  session_start(): ps_files_cleanup_dir: opendir(/tmp/.priv) failed: Permission denied (13) in /homepages/9/d325137455/htdocs/bourseauxvelos/Commun/connect.php on line 4
[18-Nov-2023 15:21:44 UTC] PHP Warning:  session_start(): Session cache limiter cannot be sent after headers have already been sent (output started at /homepages/9/d325137455/htdocs/bourseauxvelos/Commun/connect.php:4) in /homepages/9/d325137455/htdocs/bourseauxvelos/Commun/connect.php on line 4
[18-Nov-2023 15:31:14 UTC] PHP Notice:  session_start(): ps_files_cleanup_dir: opendir(/tmp/.priv) failed: Permission denied (13) in /homepages/9/d325137455/htdocs/bourseauxvelos/Commun/connect.php on line 4
[18-Nov-2023 15:31:14 UTC] PHP Warning:  session_start(): Session cache limiter cannot be sent after headers have already been sent (output started at /homepages/9/d325137455/htdocs/bourseauxvelos/Commun/connect.php:4) in /homepages/9/d325137455/htdocs/bourseauxvelos/Commun/connect.php on line 4
[18-Nov-2023 15:38:44 UTC] PHP Notice:  session_start(): ps_files_cleanup_dir: opendir(/tmp/.priv) failed: Permission denied (13) in /homepages/9/d325137455/htdocs/bourseauxvelos/Commun/connect.php on line 4
[18-Nov-2023 15:38:44 UTC] PHP Warning:  session_start(): Session cache limiter cannot be sent after headers have already been sent (output started at /homepages/9/d325137455/htdocs/bourseauxvelos/Commun/connect.php:4) in /homepages/9/d325137455/htdocs/bourseauxvelos/Commun/connect.php on line 4
[18-Nov-2023 15:39:10 UTC] PHP Notice:  session_start(): ps_files_cleanup_dir: opendir(/tmp/.priv) failed: Permission denied (13) in /homepages/9/d325137455/htdocs/bourseauxvelos/Commun/connect.php on line 4
[18-Nov-2023 15:39:10 UTC] PHP Warning:  session_start(): Session cache limiter cannot be sent after headers have already been sent (output started at /homepages/9/d325137455/htdocs/bourseauxvelos/Commun/connect.php:4) in /homepages/9/d325137455/htdocs/bourseauxvelos/Commun/connect.php on line 4
[18-Nov-2023 15:56:48 UTC] PHP Notice:  session_start(): ps_files_cleanup_dir: opendir(/tmp/.priv) failed: Permission denied (13) in /homepages/9/d325137455/htdocs/bourseauxvelos/Commun/connect.php on line 4
[18-Nov-2023 15:56:48 UTC] PHP Warning:  session_start(): Session cache limiter cannot be sent after headers have already been sent (output started at /homepages/9/d325137455/htdocs/bourseauxvelos/Commun/connect.php:4) in /homepages/9/d325137455/htdocs/bourseauxvelos/Commun/connect.php on line 4
[18-Nov-2023 16:00:39 UTC] PHP Notice:  session_start(): ps_files_cleanup_dir: opendir(/tmp/.priv) failed: Permission denied (13) in /homepages/9/d325137455/htdocs/bourseauxvelos/Commun/connect.php on line 4
[18-Nov-2023 16:00:39 UTC] PHP Warning:  session_start(): Session cache limiter cannot be sent after headers have already been sent (output started at /homepages/9/d325137455/htdocs/bourseauxvelos/Commun/connect.php:4) in /homepages/9/d325137455/htdocs/bourseauxvelos/Commun/connect.php on line 4
[18-Nov-2023 16:21:55 UTC] PHP Notice:  session_start(): ps_files_cleanup_dir: opendir(/tmp/.priv) failed: Permission denied (13) in /homepages/9/d325137455/htdocs/bourseauxvelos/Commun/connect.php on line 4
[18-Nov-2023 16:21:55 UTC] PHP Warning:  session_start(): Session cache limiter cannot be sent after headers have already been sent (output started at /homepages/9/d325137455/htdocs/bourseauxvelos/Commun/connect.php:4) in /homepages/9/d325137455/htdocs/bourseauxvelos/Commun/connect.php on line 4
[18-Nov-2023 16:44:10 UTC] PHP Notice:  session_start(): ps_files_cleanup_dir: opendir(/tmp/.priv) failed: Permission denied (13) in /homepages/9/d325137455/htdocs/bourseauxvelos/Commun/connect.php on line 4
[18-Nov-2023 16:44:10 UTC] PHP Warning:  session_start(): Session cache limiter cannot be sent after headers have already been sent (output started at /homepages/9/d325137455/htdocs/bourseauxvelos/Commun/connect.php:4) in /homepages/9/d325137455/htdocs/bourseauxvelos/Commun/connect.php on line 4
[18-Nov-2023 16:52:20 UTC] PHP Notice:  session_start(): ps_files_cleanup_dir: opendir(/tmp/.priv) failed: Permission denied (13) in /homepages/9/d325137455/htdocs/bourseauxvelos/Commun/connect.php on line 4
[18-Nov-2023 16:52:20 UTC] PHP Warning:  session_start(): Session cache limiter cannot be sent after headers have already been sent (output started at /homepages/9/d325137455/htdocs/bourseauxvelos/Commun/connect.php:4) in /homepages/9/d325137455/htdocs/bourseauxvelos/Commun/connect.php on line 4
[18-Nov-2023 16:55:01 UTC] PHP Notice:  session_start(): ps_files_cleanup_dir: opendir(/tmp/.priv) failed: Permission denied (13) in /homepages/9/d325137455/htdocs/bourseauxvelos/Commun/connect.php on line 4
[18-Nov-2023 16:55:01 UTC] PHP Warning:  session_start(): Session cache limiter cannot be sent after headers have already been sent (output started at /homepages/9/d325137455/htdocs/bourseauxvelos/Commun/connect.php:4) in /homepages/9/d325137455/htdocs/bourseauxvelos/Commun/connect.php on line 4
[18-Nov-2023 17:00:46 UTC] PHP Notice:  session_start(): ps_files_cleanup_dir: opendir(/tmp/.priv) failed: Permission denied (13) in /homepages/9/d325137455/htdocs/bourseauxvelos/Commun/connect.php on line 4
[18-Nov-2023 17:00:46 UTC] PHP Warning:  session_start(): Session cache limiter cannot be sent after headers have already been sent (output started at /homepages/9/d325137455/htdocs/bourseauxvelos/Commun/connect.php:4) in /homepages/9/d325137455/htdocs/bourseauxvelos/Commun/connect.php on line 4
[18-Nov-2023 17:01:35 UTC] PHP Notice:  session_start(): ps_files_cleanup_dir: opendir(/tmp/.priv) failed: Permission denied (13) in /homepages/9/d325137455/htdocs/bourseauxvelos/Commun/connect.php on line 4
[18-Nov-2023 17:01:35 UTC] PHP Warning:  session_start(): Session cache limiter cannot be sent after headers have already been sent (output started at /homepages/9/d325137455/htdocs/bourseauxvelos/Commun/connect.php:4) in /homepages/9/d325137455/htdocs/bourseauxvelos/Commun/connect.php on line 4
[18-Nov-2023 17:35:37 UTC] PHP Notice:  session_start(): ps_files_cleanup_dir: opendir(/tmp/.priv) failed: Permission denied (13) in /homepages/9/d325137455/htdocs/bourseauxvelos/Commun/connect.php on line 4
[18-Nov-2023 17:35:37 UTC] PHP Warning:  session_start(): Session cache limiter cannot be sent after headers have already been sent (output started at /homepages/9/d325137455/htdocs/bourseauxvelos/Commun/connect.php:4) in /homepages/9/d325137455/htdocs/bourseauxvelos/Commun/connect.php on line 4
[18-Nov-2023 17:36:21 UTC] PHP Notice:  session_start(): ps_files_cleanup_dir: opendir(/tmp/.priv) failed: Permission denied (13) in /homepages/9/d325137455/htdocs/bourseauxvelos/Commun/connect.php on line 4
[18-Nov-2023 17:36:21 UTC] PHP Warning:  session_start(): Session cache limiter cannot be sent after headers have already been sent (output started at /homepages/9/d325137455/htdocs/bourseauxvelos/Commun/connect.php:4) in /homepages/9/d325137455/htdocs/bourseauxvelos/Commun/connect.php on line 4
[18-Nov-2023 18:00:52 UTC] PHP Notice:  session_start(): ps_files_cleanup_dir: opendir(/tmp/.priv) failed: Permission denied (13) in /homepages/9/d325137455/htdocs/bourseauxvelos/Commun/connect.php on line 4
[18-Nov-2023 18:00:52 UTC] PHP Warning:  session_start(): Session cache limiter cannot be sent after headers have already been sent (output started at /homepages/9/d325137455/htdocs/bourseauxvelos/Commun/connect.php:4) in /homepages/9/d325137455/htdocs/bourseauxvelos/Commun/connect.php on line 4
[18-Nov-2023 18:08:54 UTC] PHP Notice:  session_start(): ps_files_cleanup_dir: opendir(/tmp/.priv) failed: Permission denied (13) in /homepages/9/d325137455/htdocs/bourseauxvelos/Commun/connect.php on line 4
[18-Nov-2023 18:08:54 UTC] PHP Warning:  session_start(): Session cache limiter cannot be sent after headers have already been sent (output started at /homepages/9/d325137455/htdocs/bourseauxvelos/Commun/connect.php:4) in /homepages/9/d325137455/htdocs/bourseauxvelos/Commun/connect.php on line 4
[18-Nov-2023 18:13:14 UTC] PHP Notice:  session_start(): ps_files_cleanup_dir: opendir(/tmp/.priv) failed: Permission denied (13) in /homepages/9/d325137455/htdocs/bourseauxvelos/Commun/connect.php on line 4
[18-Nov-2023 18:13:14 UTC] PHP Warning:  session_start(): Session cache limiter cannot be sent after headers have already been sent (output started at /homepages/9/d325137455/htdocs/bourseauxvelos/Commun/connect.php:4) in /homepages/9/d325137455/htdocs/bourseauxvelos/Commun/connect.php on line 4
[18-Nov-2023 18:14:59 UTC] PHP Notice:  session_start(): ps_files_cleanup_dir: opendir(/tmp/.priv) failed: Permission denied (13) in /homepages/9/d325137455/htdocs/bourseauxvelos/Commun/connect.php on line 4
[18-Nov-2023 18:14:59 UTC] PHP Warning:  session_start(): Session cache limiter cannot be sent after headers have already been sent (output started at /homepages/9/d325137455/htdocs/bourseauxvelos/Commun/connect.php:4) in /homepages/9/d325137455/htdocs/bourseauxvelos/Commun/connect.php on line 4
[18-Nov-2023 18:27:59 UTC] PHP Notice:  session_start(): ps_files_cleanup_dir: opendir(/tmp/.priv) failed: Permission denied (13) in /homepages/9/d325137455/htdocs/bourseauxvelos/Commun/connect.php on line 4
[18-Nov-2023 18:27:59 UTC] PHP Warning:  session_start(): Session cache limiter cannot be sent after headers have already been sent (output started at /homepages/9/d325137455/htdocs/bourseauxvelos/Commun/connect.php:4) in /homepages/9/d325137455/htdocs/bourseauxvelos/Commun/connect.php on line 4
[18-Nov-2023 18:30:05 UTC] PHP Notice:  session_start(): ps_files_cleanup_dir: opendir(/tmp/.priv) failed: Permission denied (13) in /homepages/9/d325137455/htdocs/bourseauxvelos/Commun/connect.php on line 4
[18-Nov-2023 18:30:05 UTC] PHP Warning:  session_start(): Session cache limiter cannot be sent after headers have already been sent (output started at /homepages/9/d325137455/htdocs/bourseauxvelos/Commun/connect.php:4) in /homepages/9/d325137455/htdocs/bourseauxvelos/Commun/connect.php on line 4
[18-Nov-2023 20:11:40 UTC] PHP Notice:  session_start(): ps_files_cleanup_dir: opendir(/tmp/.priv) failed: Permission denied (13) in /homepages/9/d325137455/htdocs/bourseauxvelos/Commun/connect.php on line 4
[18-Nov-2023 20:11:40 UTC] PHP Warning:  session_start(): Session cache limiter cannot be sent after headers have already been sent (output started at /homepages/9/d325137455/htdocs/bourseauxvelos/Commun/connect.php:4) in /homepages/9/d325137455/htdocs/bourseauxvelos/Commun/connect.php on line 4
[18-Nov-2023 21:07:43 UTC] PHP Notice:  session_start(): ps_files_cleanup_dir: opendir(/tmp/.priv) failed: Permission denied (13) in /homepages/9/d325137455/htdocs/bourseauxvelos/Commun/connect.php on line 4
[18-Nov-2023 21:07:43 UTC] PHP Warning:  session_start(): Session cache limiter cannot be sent after headers have already been sent (output started at /homepages/9/d325137455/htdocs/bourseauxvelos/Commun/connect.php:4) in /homepages/9/d325137455/htdocs/bourseauxvelos/Commun/connect.php on line 4
[18-Nov-2023 22:38:36 UTC] PHP Notice:  session_start(): ps_files_cleanup_dir: opendir(/tmp/.priv) failed: Permission denied (13) in /homepages/9/d325137455/htdocs/bourseauxvelos/Commun/connect.php on line 4
[18-Nov-2023 22:38:36 UTC] PHP Warning:  session_start(): Session cache limiter cannot be sent after headers have already been sent (output started at /homepages/9/d325137455/htdocs/bourseauxvelos/Commun/connect.php:4) in /homepages/9/d325137455/htdocs/bourseauxvelos/Commun/connect.php on line 4
[19-Nov-2023 08:32:04 UTC] PHP Notice:  session_start(): ps_files_cleanup_dir: opendir(/tmp/.priv) failed: Permission denied (13) in /homepages/9/d325137455/htdocs/bourseauxvelos/Commun/connect.php on line 4
[19-Nov-2023 08:32:04 UTC] PHP Warning:  session_start(): Session cache limiter cannot be sent after headers have already been sent (output started at /homepages/9/d325137455/htdocs/bourseauxvelos/Commun/connect.php:4) in /homepages/9/d325137455/htdocs/bourseauxvelos/Commun/connect.php on line 4
[19-Nov-2023 08:58:12 UTC] PHP Notice:  session_start(): ps_files_cleanup_dir: opendir(/tmp/.priv) failed: Permission denied (13) in /homepages/9/d325137455/htdocs/bourseauxvelos/Commun/connect.php on line 4
[19-Nov-2023 08:58:12 UTC] PHP Warning:  session_start(): Session cache limiter cannot be sent after headers have already been sent (output started at /homepages/9/d325137455/htdocs/bourseauxvelos/Commun/connect.php:4) in /homepages/9/d325137455/htdocs/bourseauxvelos/Commun/connect.php on line 4
[19-Nov-2023 09:15:36 UTC] PHP Notice:  session_start(): ps_files_cleanup_dir: opendir(/tmp/.priv) failed: Permission denied (13) in /homepages/9/d325137455/htdocs/bourseauxvelos/Commun/connect.php on line 4
[19-Nov-2023 09:15:36 UTC] PHP Warning:  session_start(): Session cache limiter cannot be sent after headers have already been sent (output started at /homepages/9/d325137455/htdocs/bourseauxvelos/Commun/connect.php:4) in /homepages/9/d325137455/htdocs/bourseauxvelos/Commun/connect.php on line 4
[19-Nov-2023 09:54:41 UTC] PHP Notice:  session_start(): ps_files_cleanup_dir: opendir(/tmp/.priv) failed: Permission denied (13) in /homepages/9/d325137455/htdocs/bourseauxvelos/Commun/connect.php on line 4
[19-Nov-2023 09:54:41 UTC] PHP Warning:  session_start(): Session cache limiter cannot be sent after headers have already been sent (output started at /homepages/9/d325137455/htdocs/bourseauxvelos/Commun/connect.php:4) in /homepages/9/d325137455/htdocs/bourseauxvelos/Commun/connect.php on line 4
[19-Nov-2023 10:13:16 UTC] PHP Notice:  session_start(): ps_files_cleanup_dir: opendir(/tmp/.priv) failed: Permission denied (13) in /homepages/9/d325137455/htdocs/bourseauxvelos/Commun/connect.php on line 4
[19-Nov-2023 10:13:16 UTC] PHP Warning:  session_start(): Session cache limiter cannot be sent after headers have already been sent (output started at /homepages/9/d325137455/htdocs/bourseauxvelos/Commun/connect.php:4) in /homepages/9/d325137455/htdocs/bourseauxvelos/Commun/connect.php on line 4
[19-Nov-2023 10:17:39 UTC] PHP Notice:  session_start(): ps_files_cleanup_dir: opendir(/tmp/.priv) failed: Permission denied (13) in /homepages/9/d325137455/htdocs/bourseauxvelos/Commun/connect.php on line 4
[19-Nov-2023 10:17:39 UTC] PHP Warning:  session_start(): Session cache limiter cannot be sent after headers have already been sent (output started at /homepages/9/d325137455/htdocs/bourseauxvelos/Commun/connect.php:4) in /homepages/9/d325137455/htdocs/bourseauxvelos/Commun/connect.php on line 4
[19-Nov-2023 10:37:57 UTC] PHP Notice:  session_start(): ps_files_cleanup_dir: opendir(/tmp/.priv) failed: Permission denied (13) in /homepages/9/d325137455/htdocs/bourseauxvelos/Commun/connect.php on line 4
[19-Nov-2023 10:37:57 UTC] PHP Warning:  session_start(): Session cache limiter cannot be sent after headers have already been sent (output started at /homepages/9/d325137455/htdocs/bourseauxvelos/Commun/connect.php:4) in /homepages/9/d325137455/htdocs/bourseauxvelos/Commun/connect.php on line 4
[19-Nov-2023 10:46:37 UTC] PHP Notice:  session_start(): ps_files_cleanup_dir: opendir(/tmp/.priv) failed: Permission denied (13) in /homepages/9/d325137455/htdocs/bourseauxvelos/Commun/connect.php on line 4
[19-Nov-2023 10:46:37 UTC] PHP Warning:  session_start(): Session cache limiter cannot be sent after headers have already been sent (output started at /homepages/9/d325137455/htdocs/bourseauxvelos/Commun/connect.php:4) in /homepages/9/d325137455/htdocs/bourseauxvelos/Commun/connect.php on line 4
[19-Nov-2023 10:54:25 UTC] PHP Notice:  session_start(): ps_files_cleanup_dir: opendir(/tmp/.priv) failed: Permission denied (13) in /homepages/9/d325137455/htdocs/bourseauxvelos/Commun/connect.php on line 4
[19-Nov-2023 10:54:25 UTC] PHP Warning:  session_start(): Session cache limiter cannot be sent after headers have already been sent (output started at /homepages/9/d325137455/htdocs/bourseauxvelos/Commun/connect.php:4) in /homepages/9/d325137455/htdocs/bourseauxvelos/Commun/connect.php on line 4
[19-Nov-2023 11:04:37 UTC] PHP Notice:  session_start(): ps_files_cleanup_dir: opendir(/tmp/.priv) failed: Permission denied (13) in /homepages/9/d325137455/htdocs/bourseauxvelos/Commun/connect.php on line 4
[19-Nov-2023 11:04:37 UTC] PHP Warning:  session_start(): Session cache limiter cannot be sent after headers have already been sent (output started at /homepages/9/d325137455/htdocs/bourseauxvelos/Commun/connect.php:4) in /homepages/9/d325137455/htdocs/bourseauxvelos/Commun/connect.php on line 4
[19-Nov-2023 11:17:00 UTC] PHP Notice:  session_start(): ps_files_cleanup_dir: opendir(/tmp/.priv) failed: Permission denied (13) in /homepages/9/d325137455/htdocs/bourseauxvelos/Commun/connect.php on line 4
[19-Nov-2023 11:17:00 UTC] PHP Warning:  session_start(): Session cache limiter cannot be sent after headers have already been sent (output started at /homepages/9/d325137455/htdocs/bourseauxvelos/Commun/connect.php:4) in /homepages/9/d325137455/htdocs/bourseauxvelos/Commun/connect.php on line 4
[19-Nov-2023 11:43:54 UTC] PHP Notice:  session_start(): ps_files_cleanup_dir: opendir(/tmp/.priv) failed: Permission denied (13) in /homepages/9/d325137455/htdocs/bourseauxvelos/Commun/connect.php on line 4
[19-Nov-2023 11:43:54 UTC] PHP Warning:  session_start(): Session cache limiter cannot be sent after headers have already been sent (output started at /homepages/9/d325137455/htdocs/bourseauxvelos/Commun/connect.php:4) in /homepages/9/d325137455/htdocs/bourseauxvelos/Commun/connect.php on line 4
[19-Nov-2023 12:10:09 UTC] PHP Notice:  session_start(): ps_files_cleanup_dir: opendir(/tmp/.priv) failed: Permission denied (13) in /homepages/9/d325137455/htdocs/bourseauxvelos/Commun/connect.php on line 4
[19-Nov-2023 12:10:09 UTC] PHP Warning:  session_start(): Session cache limiter cannot be sent after headers have already been sent (output started at /homepages/9/d325137455/htdocs/bourseauxvelos/Commun/connect.php:4) in /homepages/9/d325137455/htdocs/bourseauxvelos/Commun/connect.php on line 4
[19-Nov-2023 12:27:50 UTC] PHP Notice:  session_start(): ps_files_cleanup_dir: opendir(/tmp/.priv) failed: Permission denied (13) in /homepages/9/d325137455/htdocs/bourseauxvelos/Commun/connect.php on line 4
[19-Nov-2023 12:27:50 UTC] PHP Warning:  session_start(): Session cache limiter cannot be sent after headers have already been sent (output started at /homepages/9/d325137455/htdocs/bourseauxvelos/Commun/connect.php:4) in /homepages/9/d325137455/htdocs/bourseauxvelos/Commun/connect.php on line 4
[19-Nov-2023 13:01:12 UTC] PHP Notice:  session_start(): ps_files_cleanup_dir: opendir(/tmp/.priv) failed: Permission denied (13) in /homepages/9/d325137455/htdocs/bourseauxvelos/Commun/connect.php on line 4
[19-Nov-2023 13:01:12 UTC] PHP Warning:  session_start(): Session cache limiter cannot be sent after headers have already been sent (output started at /homepages/9/d325137455/htdocs/bourseauxvelos/Commun/connect.php:4) in /homepages/9/d325137455/htdocs/bourseauxvelos/Commun/connect.php on line 4
[19-Nov-2023 13:05:42 UTC] PHP Notice:  session_start(): ps_files_cleanup_dir: opendir(/tmp/.priv) failed: Permission denied (13) in /homepages/9/d325137455/htdocs/bourseauxvelos/Commun/connect.php on line 4
[19-Nov-2023 13:05:42 UTC] PHP Warning:  session_start(): Session cache limiter cannot be sent after headers have already been sent (output started at /homepages/9/d325137455/htdocs/bourseauxvelos/Commun/connect.php:4) in /homepages/9/d325137455/htdocs/bourseauxvelos/Commun/connect.php on line 4
[19-Nov-2023 13:43:58 UTC] PHP Notice:  session_start(): ps_files_cleanup_dir: opendir(/tmp/.priv) failed: Permission denied (13) in /homepages/9/d325137455/htdocs/bourseauxvelos/Commun/connect.php on line 4
[19-Nov-2023 13:43:58 UTC] PHP Warning:  session_start(): Session cache limiter cannot be sent after headers have already been sent (output started at /homepages/9/d325137455/htdocs/bourseauxvelos/Commun/connect.php:4) in /homepages/9/d325137455/htdocs/bourseauxvelos/Commun/connect.php on line 4
[19-Nov-2023 14:17:20 UTC] PHP Notice:  session_start(): ps_files_cleanup_dir: opendir(/tmp/.priv) failed: Permission denied (13) in /homepages/9/d325137455/htdocs/bourseauxvelos/Commun/connect.php on line 4
[19-Nov-2023 14:17:20 UTC] PHP Warning:  session_start(): Session cache limiter cannot be sent after headers have already been sent (output started at /homepages/9/d325137455/htdocs/bourseauxvelos/Commun/connect.php:4) in /homepages/9/d325137455/htdocs/bourseauxvelos/Commun/connect.php on line 4
[19-Nov-2023 14:21:33 UTC] PHP Notice:  session_start(): ps_files_cleanup_dir: opendir(/tmp/.priv) failed: Permission denied (13) in /homepages/9/d325137455/htdocs/bourseauxvelos/Commun/connect.php on line 4
[19-Nov-2023 14:21:33 UTC] PHP Warning:  session_start(): Session cache limiter cannot be sent after headers have already been sent (output started at /homepages/9/d325137455/htdocs/bourseauxvelos/Commun/connect.php:4) in /homepages/9/d325137455/htdocs/bourseauxvelos/Commun/connect.php on line 4
[19-Nov-2023 14:22:57 UTC] PHP Notice:  session_start(): ps_files_cleanup_dir: opendir(/tmp/.priv) failed: Permission denied (13) in /homepages/9/d325137455/htdocs/bourseauxvelos/Commun/connect.php on line 4
[19-Nov-2023 14:22:57 UTC] PHP Warning:  session_start(): Session cache limiter cannot be sent after headers have already been sent (output started at /homepages/9/d325137455/htdocs/bourseauxvelos/Commun/connect.php:4) in /homepages/9/d325137455/htdocs/bourseauxvelos/Commun/connect.php on line 4
[19-Nov-2023 14:48:24 UTC] PHP Notice:  session_start(): ps_files_cleanup_dir: opendir(/tmp/.priv) failed: Permission denied (13) in /homepages/9/d325137455/htdocs/bourseauxvelos/Commun/connect.php on line 4
[19-Nov-2023 14:48:24 UTC] PHP Warning:  session_start(): Session cache limiter cannot be sent after headers have already been sent (output started at /homepages/9/d325137455/htdocs/bourseauxvelos/Commun/connect.php:4) in /homepages/9/d325137455/htdocs/bourseauxvelos/Commun/connect.php on line 4
[19-Nov-2023 14:52:54 UTC] PHP Notice:  session_start(): ps_files_cleanup_dir: opendir(/tmp/.priv) failed: Permission denied (13) in /homepages/9/d325137455/htdocs/bourseauxvelos/Commun/connect.php on line 4
[19-Nov-2023 14:52:54 UTC] PHP Warning:  session_start(): Session cache limiter cannot be sent after headers have already been sent (output started at /homepages/9/d325137455/htdocs/bourseauxvelos/Commun/connect.php:4) in /homepages/9/d325137455/htdocs/bourseauxvelos/Commun/connect.php on line 4
[19-Nov-2023 14:59:19 UTC] PHP Notice:  session_start(): ps_files_cleanup_dir: opendir(/tmp/.priv) failed: Permission denied (13) in /homepages/9/d325137455/htdocs/bourseauxvelos/Commun/connect.php on line 4
[19-Nov-2023 14:59:19 UTC] PHP Warning:  session_start(): Session cache limiter cannot be sent after headers have already been sent (output started at /homepages/9/d325137455/htdocs/bourseauxvelos/Commun/connect.php:4) in /homepages/9/d325137455/htdocs/bourseauxvelos/Commun/connect.php on line 4
[19-Nov-2023 15:10:24 UTC] PHP Notice:  session_start(): ps_files_cleanup_dir: opendir(/tmp/.priv) failed: Permission denied (13) in /homepages/9/d325137455/htdocs/bourseauxvelos/Commun/connect.php on line 4
[19-Nov-2023 15:10:24 UTC] PHP Warning:  session_start(): Session cache limiter cannot be sent after headers have already been sent (output started at /homepages/9/d325137455/htdocs/bourseauxvelos/Commun/connect.php:4) in /homepages/9/d325137455/htdocs/bourseauxvelos/Commun/connect.php on line 4
[19-Nov-2023 15:21:00 UTC] PHP Notice:  session_start(): ps_files_cleanup_dir: opendir(/tmp/.priv) failed: Permission denied (13) in /homepages/9/d325137455/htdocs/bourseauxvelos/Commun/connect.php on line 4
[19-Nov-2023 15:21:00 UTC] PHP Warning:  session_start(): Session cache limiter cannot be sent after headers have already been sent (output started at /homepages/9/d325137455/htdocs/bourseauxvelos/Commun/connect.php:4) in /homepages/9/d325137455/htdocs/bourseauxvelos/Commun/connect.php on line 4
[19-Nov-2023 15:22:05 UTC] PHP Notice:  session_start(): ps_files_cleanup_dir: opendir(/tmp/.priv) failed: Permission denied (13) in /homepages/9/d325137455/htdocs/bourseauxvelos/Commun/connect.php on line 4
[19-Nov-2023 15:22:05 UTC] PHP Warning:  session_start(): Session cache limiter cannot be sent after headers have already been sent (output started at /homepages/9/d325137455/htdocs/bourseauxvelos/Commun/connect.php:4) in /homepages/9/d325137455/htdocs/bourseauxvelos/Commun/connect.php on line 4
[19-Nov-2023 15:24:57 UTC] PHP Notice:  session_start(): ps_files_cleanup_dir: opendir(/tmp/.priv) failed: Permission denied (13) in /homepages/9/d325137455/htdocs/bourseauxvelos/Commun/connect.php on line 4
[19-Nov-2023 15:24:57 UTC] PHP Warning:  session_start(): Session cache limiter cannot be sent after headers have already been sent (output started at /homepages/9/d325137455/htdocs/bourseauxvelos/Commun/connect.php:4) in /homepages/9/d325137455/htdocs/bourseauxvelos/Commun/connect.php on line 4
[19-Nov-2023 15:41:31 UTC] PHP Notice:  session_start(): ps_files_cleanup_dir: opendir(/tmp/.priv) failed: Permission denied (13) in /homepages/9/d325137455/htdocs/bourseauxvelos/Commun/connect.php on line 4
[19-Nov-2023 15:41:31 UTC] PHP Warning:  session_start(): Session cache limiter cannot be sent after headers have already been sent (output started at /homepages/9/d325137455/htdocs/bourseauxvelos/Commun/connect.php:4) in /homepages/9/d325137455/htdocs/bourseauxvelos/Commun/connect.php on line 4
[19-Nov-2023 16:06:40 UTC] PHP Notice:  session_start(): ps_files_cleanup_dir: opendir(/tmp/.priv) failed: Permission denied (13) in /homepages/9/d325137455/htdocs/bourseauxvelos/Commun/connect.php on line 4
[19-Nov-2023 16:06:40 UTC] PHP Warning:  session_start(): Session cache limiter cannot be sent after headers have already been sent (output started at /homepages/9/d325137455/htdocs/bourseauxvelos/Commun/connect.php:4) in /homepages/9/d325137455/htdocs/bourseauxvelos/Commun/connect.php on line 4
[19-Nov-2023 16:11:59 UTC] PHP Notice:  session_start(): ps_files_cleanup_dir: opendir(/tmp/.priv) failed: Permission denied (13) in /homepages/9/d325137455/htdocs/bourseauxvelos/Commun/connect.php on line 4
[19-Nov-2023 16:11:59 UTC] PHP Warning:  session_start(): Session cache limiter cannot be sent after headers have already been sent (output started at /homepages/9/d325137455/htdocs/bourseauxvelos/Commun/connect.php:4) in /homepages/9/d325137455/htdocs/bourseauxvelos/Commun/connect.php on line 4
[19-Nov-2023 16:13:06 UTC] PHP Notice:  session_start(): ps_files_cleanup_dir: opendir(/tmp/.priv) failed: Permission denied (13) in /homepages/9/d325137455/htdocs/bourseauxvelos/Commun/connect.php on line 4
[19-Nov-2023 16:13:06 UTC] PHP Warning:  session_start(): Session cache limiter cannot be sent after headers have already been sent (output started at /homepages/9/d325137455/htdocs/bourseauxvelos/Commun/connect.php:4) in /homepages/9/d325137455/htdocs/bourseauxvelos/Commun/connect.php on line 4
[19-Nov-2023 16:19:42 UTC] PHP Notice:  session_start(): ps_files_cleanup_dir: opendir(/tmp/.priv) failed: Permission denied (13) in /homepages/9/d325137455/htdocs/bourseauxvelos/Commun/connect.php on line 4
[19-Nov-2023 16:19:42 UTC] PHP Warning:  session_start(): Session cache limiter cannot be sent after headers have already been sent (output started at /homepages/9/d325137455/htdocs/bourseauxvelos/Commun/connect.php:4) in /homepages/9/d325137455/htdocs/bourseauxvelos/Commun/connect.php on line 4
[19-Nov-2023 16:33:12 UTC] PHP Notice:  session_start(): ps_files_cleanup_dir: opendir(/tmp/.priv) failed: Permission denied (13) in /homepages/9/d325137455/htdocs/bourseauxvelos/Commun/connect.php on line 4
[19-Nov-2023 16:33:12 UTC] PHP Warning:  session_start(): Session cache limiter cannot be sent after headers have already been sent (output started at /homepages/9/d325137455/htdocs/bourseauxvelos/Commun/connect.php:4) in /homepages/9/d325137455/htdocs/bourseauxvelos/Commun/connect.php on line 4
[19-Nov-2023 16:35:10 UTC] PHP Notice:  session_start(): ps_files_cleanup_dir: opendir(/tmp/.priv) failed: Permission denied (13) in /homepages/9/d325137455/htdocs/bourseauxvelos/Commun/connect.php on line 4
[19-Nov-2023 16:35:10 UTC] PHP Warning:  session_start(): Session cache limiter cannot be sent after headers have already been sent (output started at /homepages/9/d325137455/htdocs/bourseauxvelos/Commun/connect.php:4) in /homepages/9/d325137455/htdocs/bourseauxvelos/Commun/connect.php on line 4
[19-Nov-2023 16:37:30 UTC] PHP Notice:  session_start(): ps_files_cleanup_dir: opendir(/tmp/.priv) failed: Permission denied (13) in /homepages/9/d325137455/htdocs/bourseauxvelos/Commun/connect.php on line 4
[19-Nov-2023 16:37:30 UTC] PHP Warning:  session_start(): Session cache limiter cannot be sent after headers have already been sent (output started at /homepages/9/d325137455/htdocs/bourseauxvelos/Commun/connect.php:4) in /homepages/9/d325137455/htdocs/bourseauxvelos/Commun/connect.php on line 4
[19-Nov-2023 17:01:45 UTC] PHP Notice:  session_start(): ps_files_cleanup_dir: opendir(/tmp/.priv) failed: Permission denied (13) in /homepages/9/d325137455/htdocs/bourseauxvelos/Commun/connect.php on line 4
[19-Nov-2023 17:01:45 UTC] PHP Warning:  session_start(): Session cache limiter cannot be sent after headers have already been sent (output started at /homepages/9/d325137455/htdocs/bourseauxvelos/Commun/connect.php:4) in /homepages/9/d325137455/htdocs/bourseauxvelos/Commun/connect.php on line 4
[19-Nov-2023 17:16:11 UTC] PHP Notice:  session_start(): ps_files_cleanup_dir: opendir(/tmp/.priv) failed: Permission denied (13) in /homepages/9/d325137455/htdocs/bourseauxvelos/Commun/connect.php on line 4
[19-Nov-2023 17:16:11 UTC] PHP Warning:  session_start(): Session cache limiter cannot be sent after headers have already been sent (output started at /homepages/9/d325137455/htdocs/bourseauxvelos/Commun/connect.php:4) in /homepages/9/d325137455/htdocs/bourseauxvelos/Commun/connect.php on line 4
[20-Nov-2023 08:06:07 UTC] PHP Notice:  session_start(): ps_files_cleanup_dir: opendir(/tmp/.priv) failed: Permission denied (13) in /homepages/9/d325137455/htdocs/bourseauxvelos/Commun/connect.php on line 4
[20-Nov-2023 08:06:07 UTC] PHP Warning:  session_start(): Session cache limiter cannot be sent after headers have already been sent (output started at /homepages/9/d325137455/htdocs/bourseauxvelos/Commun/connect.php:4) in /homepages/9/d325137455/htdocs/bourseauxvelos/Commun/connect.php on line 4
[20-Nov-2023 08:14:11 UTC] PHP Notice:  session_start(): ps_files_cleanup_dir: opendir(/tmp/.priv) failed: Permission denied (13) in /homepages/9/d325137455/htdocs/bourseauxvelos/Commun/connect.php on line 4
[20-Nov-2023 08:14:11 UTC] PHP Warning:  session_start(): Session cache limiter cannot be sent after headers have already been sent (output started at /homepages/9/d325137455/htdocs/bourseauxvelos/Commun/connect.php:4) in /homepages/9/d325137455/htdocs/bourseauxvelos/Commun/connect.php on line 4
[20-Nov-2023 08:16:02 UTC] PHP Notice:  session_start(): ps_files_cleanup_dir: opendir(/tmp/.priv) failed: Permission denied (13) in /homepages/9/d325137455/htdocs/bourseauxvelos/Commun/connect.php on line 4
[20-Nov-2023 08:16:02 UTC] PHP Warning:  session_start(): Session cache limiter cannot be sent after headers have already been sent (output started at /homepages/9/d325137455/htdocs/bourseauxvelos/Commun/connect.php:4) in /homepages/9/d325137455/htdocs/bourseauxvelos/Commun/connect.php on line 4
[20-Nov-2023 10:52:01 UTC] PHP Notice:  session_start(): ps_files_cleanup_dir: opendir(/tmp/.priv) failed: Permission denied (13) in /homepages/9/d325137455/htdocs/bourseauxvelos/Commun/connect.php on line 4
[20-Nov-2023 10:52:01 UTC] PHP Warning:  session_start(): Session cache limiter cannot be sent after headers have already been sent (output started at /homepages/9/d325137455/htdocs/bourseauxvelos/Commun/connect.php:4) in /homepages/9/d325137455/htdocs/bourseauxvelos/Commun/connect.php on line 4
[20-Nov-2023 15:01:43 UTC] PHP Notice:  session_start(): ps_files_cleanup_dir: opendir(/tmp/.priv) failed: Permission denied (13) in /homepages/9/d325137455/htdocs/bourseauxvelos/Commun/connect.php on line 4
[20-Nov-2023 15:01:43 UTC] PHP Warning:  session_start(): Session cache limiter cannot be sent after headers have already been sent (output started at /homepages/9/d325137455/htdocs/bourseauxvelos/Commun/connect.php:4) in /homepages/9/d325137455/htdocs/bourseauxvelos/Commun/connect.php on line 4
[20-Nov-2023 16:29:24 UTC] PHP Notice:  session_start(): ps_files_cleanup_dir: opendir(/tmp/.priv) failed: Permission denied (13) in /homepages/9/d325137455/htdocs/bourseauxvelos/Commun/connect.php on line 4
[20-Nov-2023 16:29:24 UTC] PHP Warning:  session_start(): Session cache limiter cannot be sent after headers have already been sent (output started at /homepages/9/d325137455/htdocs/bourseauxvelos/Commun/connect.php:4) in /homepages/9/d325137455/htdocs/bourseauxvelos/Commun/connect.php on line 4
[20-Nov-2023 16:49:29 UTC] PHP Notice:  session_start(): ps_files_cleanup_dir: opendir(/tmp/.priv) failed: Permission denied (13) in /homepages/9/d325137455/htdocs/bourseauxvelos/Commun/connect.php on line 4
[20-Nov-2023 16:49:29 UTC] PHP Warning:  session_start(): Session cache limiter cannot be sent after headers have already been sent (output started at /homepages/9/d325137455/htdocs/bourseauxvelos/Commun/connect.php:4) in /homepages/9/d325137455/htdocs/bourseauxvelos/Commun/connect.php on line 4
[20-Nov-2023 17:09:55 UTC] PHP Notice:  session_start(): ps_files_cleanup_dir: opendir(/tmp/.priv) failed: Permission denied (13) in /homepages/9/d325137455/htdocs/bourseauxvelos/Commun/connect.php on line 4
[20-Nov-2023 17:09:55 UTC] PHP Warning:  session_start(): Session cache limiter cannot be sent after headers have already been sent (output started at /homepages/9/d325137455/htdocs/bourseauxvelos/Commun/connect.php:4) in /homepages/9/d325137455/htdocs/bourseauxvelos/Commun/connect.php on line 4
[25-Nov-2023 07:43:28 UTC] Mail envoyé  [test ] à marc.garces@free.fr
[22-Dec-2023 10:32:39 UTC] PHP Warning:  Undefined array key "HTTP_USER_AGENT" in /homepages/9/d325137455/htdocs/bourseauxvelos/Commun/commun_functions.php on line 323
[22-Jan-2024 04:48:04 UTC] PHP Warning:  Undefined array key "HTTP_USER_AGENT" in /homepages/9/d325137455/htdocs/bourseauxvelos/Commun/commun_functions.php on line 323
[22-Feb-2024 04:54:46 UTC] PHP Warning:  Undefined array key "HTTP_USER_AGENT" in /homepages/9/d325137455/htdocs/bourseauxvelos/Commun/commun_functions.php on line 323
[13-Apr-2024 07:32:35 UTC] PHP Warning:  Undefined array key "HTTP_USER_AGENT" in /homepages/9/d325137455/htdocs/bourseauxvelos/Commun/commun_functions.php on line 323
[03-May-2024 07:26:10 UTC] PHP Fatal error:  Uncaught mysqli_sql_exception: Connection timed out in /homepages/9/d325137455/htdocs/bourseauxvelos/Commun/connect.php:21
Stack trace:
#0 /homepages/9/d325137455/htdocs/bourseauxvelos/Commun/connect.php(21): mysqli_connect()
#1 /homepages/9/d325137455/htdocs/bourseauxvelos/index.php(2): require_once('/homepages/9/d3...')
#2 {main}
  thrown in /homepages/9/d325137455/htdocs/bourseauxvelos/Commun/connect.php on line 21
[03-May-2024 07:29:23 UTC] PHP Fatal error:  Uncaught mysqli_sql_exception: Connection timed out in /homepages/9/d325137455/htdocs/bourseauxvelos/Commun/connect.php:21
Stack trace:
#0 /homepages/9/d325137455/htdocs/bourseauxvelos/Commun/connect.php(21): mysqli_connect()
#1 /homepages/9/d325137455/htdocs/bourseauxvelos/index.php(2): require_once('/homepages/9/d3...')
#2 {main}
  thrown in /homepages/9/d325137455/htdocs/bourseauxvelos/Commun/connect.php on line 21
[03-May-2024 07:29:45 UTC] PHP Fatal error:  Uncaught mysqli_sql_exception: Connection timed out in /homepages/9/d325137455/htdocs/bourseauxvelos/Commun/connect.php:21
Stack trace:
#0 /homepages/9/d325137455/htdocs/bourseauxvelos/Commun/connect.php(21): mysqli_connect()
#1 /homepages/9/d325137455/htdocs/bourseauxvelos/index.php(2): require_once('/homepages/9/d3...')
#2 {main}
  thrown in /homepages/9/d325137455/htdocs/bourseauxvelos/Commun/connect.php on line 21
[03-May-2024 07:29:48 UTC] PHP Fatal error:  Uncaught mysqli_sql_exception: Connection timed out in /homepages/9/d325137455/htdocs/bourseauxvelos/Commun/connect.php:21
Stack trace:
#0 /homepages/9/d325137455/htdocs/bourseauxvelos/Commun/connect.php(21): mysqli_connect()
#1 /homepages/9/d325137455/htdocs/bourseauxvelos/index.php(2): require_once('/homepages/9/d3...')
#2 {main}
  thrown in /homepages/9/d325137455/htdocs/bourseauxvelos/Commun/connect.php on line 21
[23-Jun-2024 08:14:00 UTC] PHP Warning:  Undefined array key "HTTP_USER_AGENT" in /homepages/9/d325137455/htdocs/bourseauxvelos/Commun/commun_functions.php on line 323
[23-Jun-2024 08:14:12 UTC] PHP Warning:  Undefined array key "HTTP_USER_AGENT" in /homepages/9/d325137455/htdocs/bourseauxvelos/Commun/commun_functions.php on line 323
[23-Jul-2024 07:41:52 UTC] PHP Warning:  Undefined array key "HTTP_USER_AGENT" in /homepages/9/d325137455/htdocs/bourseauxvelos/Commun/commun_functions.php on line 323
[17-Aug-2024 18:32:23 UTC] PHP Warning:  Undefined array key "HTTP_USER_AGENT" in /homepages/9/d325137455/htdocs/bourseauxvelos/Commun/commun_functions.php on line 323
[22-Aug-2024 13:31:08 UTC] PHP Warning:  Undefined array key "HTTP_USER_AGENT" in /homepages/9/d325137455/htdocs/bourseauxvelos/Commun/commun_functions.php on line 323
[21-Sep-2024 05:53:25 UTC] PHP Warning:  Undefined array key "HTTP_USER_AGENT" in /homepages/9/d325137455/htdocs/bourseauxvelos/Commun/commun_functions.php on line 323
[21-Oct-2024 11:42:21 UTC] PHP Warning:  Undefined array key "HTTP_USER_AGENT" in /homepages/9/d325137455/htdocs/bourseauxvelos/Commun/commun_functions.php on line 323
[05-Nov-2024 10:54:10 UTC] PHP Warning:  Undefined array key "HTTP_USER_AGENT" in /homepages/9/d325137455/htdocs/bourseauxvelos/Commun/commun_functions.php on line 323
[06-Nov-2024 17:02:15 UTC] PHP Warning:  Undefined array key "HTTP_USER_AGENT" in /homepages/9/d325137455/htdocs/bourseauxvelos/Commun/commun_functions.php on line 323
[12-Nov-2024 07:12:50 UTC] PHP Warning:  Undefined array key "HTTP_USER_AGENT" in /homepages/9/d325137455/htdocs/bourseauxvelos/Commun/commun_functions.php on line 323
[13-Nov-2024 14:42:23 UTC] PHP Warning:  Undefined array key "HTTP_USER_AGENT" in /homepages/9/d325137455/htdocs/bourseauxvelos/Commun/commun_functions.php on line 323
[14-Nov-2024 06:52:53 UTC] PHP Warning:  Undefined array key "HTTP_USER_AGENT" in /homepages/9/d325137455/htdocs/bourseauxvelos/Commun/commun_functions.php on line 323
[15-Nov-2024 10:40:35 UTC] PHP Warning:  Undefined array key "HTTP_USER_AGENT" in /homepages/9/d325137455/htdocs/bourseauxvelos/Commun/commun_functions.php on line 323
